SLAVE_INDEX,DURATION,REQ_PER_SEC,READ_COUNT,WRITE_COUNT,LOCAL_FAILURES,REMOTE_FAILURES,SUX_UPDATE_XACT_RESPONSE,SUX_READ_ONLY_XACT_RESPONSE,UPDATE_XACT_RESPONSE_TIME,INIT_TIME,COMMIT_TIME,CPU_USAGE,MEM_USAGE,NUM_THREADS,NUM_KEYS,DATA_ACCESS_PATTERN,READS_BEFORE_FIRST_WRITE,RG_NTCB,RG_NTCB_S,avgLocalGetTime,localReadOnlyTxCommitServiceTime,gMUClusteredGetCommandWaitingTime,avgWriteTxDuration,remoteUpdateTxPrepareResponseTime,localReadOnlyTxPrepareResponseTime,numKilledTxDueToValidation,numLocalTxWaitingTimeInGMUQueueDueToSlowCommits,localReadOnlyTxRemoteNodesRead,applicationContentionFactor,gMUWaitingTimeEnabled,avgCompleteNotificationAsync,avgLocalTxWaitingTimeInGMUQueueDueToCommitsConflicts,remoteUpdateTxCommitServiceTime,tOGMUPrepareRttMinusMaxValidationTime,numRemoteRemoteLockContentions,avgNumNodesCommit,avgCommitAsync,localUpdateTxTotalCpuTime,localUpdateCommittedXact,avgPrepareAsync,numLocalTxWaitingTimeInGMUQueueDueToCommitsConflicts,localReadOnlyTxPrepareServiceTime,waitedTimeInLocalCommitQueue,avgNumOfLockRemoteTx,localUpdateTxLocalServiceTime,remoteUpdateTxPrepareServiceTime,avgPutsPerWrTransaction,numWaitedLocalCommits,localUpdateTxCommitServiceTime,avgTOGMUPrepareNoWaitRtt,numberOfRemotePuts,avgTCBTime,numRemoteTxWaitingTimeInGMUQueueDuePendingTx,numTOGMUSuccessfulPrepareNoWait,numAbortedTxDueToWriteLock,avgNumNodesRemoteGet,currentState,localUpdateTxRemoteRollbackServiceTime,avgRemoteTxWaitingTimeInGMUQueueDuePendingTx,numberOfRemoteGets,avgLocalTxWaitingTimeInGMUQueueDuePendingTx,tOGMUPrepareWaitProbability,avgLocalLockHoldTime,avgNumAsyncSentCommitMsgs,numRemoteTxWaitingTimeInGMUQueueDueToCommitsConflicts,avgPrepareCommandSize,tOGMUAvgSuccessfulValidationResponseTime,numLocalRemoteLockContentions,avgResponseTime,localReadOnlyCommittedXact,currentProtocolInfo,avgRemoteLockHoldTime,numberOfCommits,tOAvgValidationConditionalWaitTime,numOwnedWrItemsInLocalPrepare,avgRollbackCommandSize,numReadsBeforeWrite,numAbortedTxDueToValidation,localUpdateTxLocalRollbackResponseTime,abortRate,avgNumOfLockLocalTx,numberOfLocalCommits,avgGetsPerWrTransaction,remoteUpdateTxRollbackServiceTime,readOnlyTxTotalResponseTime,avgLockWaitingTime,allowProtocolSwitch,currentProtocolAsInt,remoteUpdateTxRollbackResponseTime,remotePutExecutionTime,avgRemoteTxCompleteNotifyTime,numOwnedWrItemsInRemotePrepare,avgReadOnlyTxDuration,avgClusteredGetCommandReplySize,numWaitedRemoteCommits,avgNumNodesRollback,replicationDegree,avgLocalLocalAbortLockHoldTime,remoteContentionProbability,numberOfPuts,avgNumSyncSentCommitMsgs,numRemoteTxWaitingTimeInGMUQueueDueToSlowCommits,avgGmuClusteredGetCommandRttNoWait,coolDownTimeExpired,avgRemotePutsPerWrTransaction,readOnlyTxTotalCpuTime,numWaitedRemoteGets,numLocalLocalLockContentions,avgClusteredGetCommandSize,tOMaxSuccessfulValidationWaitingTime,localUpdateTxRemoteRollbackResponseTime,enabled,localUpdateTxTotalResponseTime,avgRemoteGetsPerROTransaction,avgPrepareRtt,avgRemoteTxWaitingTimeInGMUQueueDueToCommitsConflicts,numEarlyAborts,avgRemoteTxWaitingTimeInGMUQueueDueToSlowCommits,terminationCost,throughput,tOGMUPrepareRttMinusAvgValidationTime,avgCommitCommandSize,avgLocalSuccessfulLockHoldTime,avgNumNodesCompleteNotification,switchCoolDownTime,lockContentionProbability,numOwnedRdItemsInRemotePrepare,tOPrepareWaitTime,avgGetsPerROTransaction,remotelyDeadXact,avgNumNodesPrepare,numLocalTxWaitingTimeInGMUQueueDuePendingTx,localActiveTransactions,localUpdateTxRemoteNodesRead,availableProtocolsInfo,localUpdateTxLocalRollbackServiceTime,tOGMUAvgSuccessfulValidationServiceTime,currentProtocolId,numLocalPrepareAborts,avgRemoteGetsPerWrTransaction,numOwnedRdItemsInLocalPrepare,avgAbortedWriteTxDuration,localUpdateTxPrepareServiceTime,remoteUpdateTxCommitResponseTime,avgLocalRemoteAbortLockHoldTime,localUpdateTxLocalResponseTime,numRemoteLocalLockContentions,remoteGetResponseTime,numAbortedTxDueDeadlock,localReadOnlyTxLocalServiceTime,localReadOnlyTxLocalResponseTime,avgNumOfLockSuccessLocalTx,avgNTCBTime,numAbortedTxDueToReadLock,localUpdateTxPrepareResponseTime,numberOfGets,avgCommitRtt,avgRemoteGetRtt,updateXactToPrepare,gMUClusteredGetCommandServiceTime,currentEpoch,avgLocalTxWaitingTimeInGMUQueueDueToSlowCommits,waitedTimeInRemoteCommitQueue,localUpdateTxCommitResponseTime,remoteGetServiceTime,localContentionProbability,avgNumPutsBySuccessfulLocalTx,avgLockHoldTime,availableProtocolIds,gMUClusteredGetCommandResponseTime,tONumValidationWaited,numAbortedXacts,avgTxArrivalRate,percentageSuccessWriteTransactions,avgRollbackAsync,localReadOnlyTxCommitResponseTime,writeSkewProbability,avgRollbackRtt,percentageWriteTransactions,Before,After
0,180883,0,168,2,0,0,1112361.294,1063342.94425,1112361.294,10.724547058823529,5404.2845,0.6907435357427024,1.1543705333333333E8,1,100000,UNIFORM,1,86.26062941176471,52.8772705882353,16,0,0,1111960,239,0,0,0,58.0,0.0,false,0,0,201,0,0,9,1101,108868,2,0,0,0,0,0,106700,246,5.0,0,756,0,10,18,0,0,0,1,SAFE,0,0,164401,0,0,0,9,0,2864,0,0,1063706,168,{2PC=org.infinispan.reconfigurableprotocol.protocol.TwoPhaseCommitProtocol},4462,186,0,0.0,0,-1.0,0,0,0.0,0,170,1000,0,1063137,0,true,0,0,41,0,1.125,1063131,0,0,0,2,0,0.0,10,0,0,0,true,5.0,105823,0,0,43,0,0,true,1111967,967.077380952381,2952,0,0,0,82936,0.9444444444444444,0,71,0,0,60,0.0,0.0,0,1000,0,9,0,0,58.0,{TO=org.infinispan.reconfigurableprotocol.protocol.TotalOrderCommitProtocol__ 2PC=org.infinispan.reconfigurableprotocol.protocol.TwoPhaseCommitProtocol__ PB=org.infinispan.reconfigurableprotocol.protocol.PassiveReplicationCommitProtocol},0,0,2PC,0,966.0,0.0,0,1323,613,0,1107218,0,1080,0,105499,1062714,0,183,0,3245,170000,0,1041,2,0,0,0,0,1406,97,0.0,5.0,4462,2PC__ TO__ PB,0,0,0,1.0333333333333334,0.011764705882352941,0,0,0.0,0,0.011764705882352941,3253,3253
1,180324,0,166,3,0,0,1081819.016,1066642.752427711,1081819.016,8.498727810650887,9935.497,0.640200858757298,7.227697066666667E7,1,100000,UNIFORM,1,75.76479881656805,55.19006508875739,13,0,0,1081668,193,0,0,0,58.0,0.0,false,0,0,159,0,0,10,1098,110550,3,0,0,0,0,0,107007,196,5.0,0,1707,0,13,18,0,0,0,1,SAFE,0,0,163423,0,0,0,9,0,2864,0,0,1066723,166,{2PC=org.infinispan.reconfigurableprotocol.protocol.TwoPhaseCommitProtocol},3387,187,0,0.6666666666666666,0,-1.0,0,0,0.0,0,169,1000,0,1066464,0,true,0,0,180,0,1.0,1066453,0,0,0,2,0,0.0,15,0,0,0,true,4.333333333333333,105217,0,0,43,0,0,true,1081676,966.9698795180723,5708,0,0,0,78352,0.9388888888888889,0,71,0,0,60,0.0,0.0,0,1000,0,10,0,0,58.0,{TO=org.infinispan.reconfigurableprotocol.protocol.TotalOrderCommitProtocol__ 2PC=org.infinispan.reconfigurableprotocol.protocol.TwoPhaseCommitProtocol__ PB=org.infinispan.reconfigurableprotocol.protocol.PassiveReplicationCommitProtocol},0,0,2PC,0,968.6666666666666,0.0,0,1750,155,0,1072513,0,1083,0,104876,1066035,0,165,0,6315,169000,0,1047,3,0,0,0,0,2753,96,0.0,5.0,3387,2PC__ TO__ PB,0,0,0,1.038888888888889,0.01775147928994083,0,0,0.0,0,0.01775147928994083,3261,3261
2,180366,0,176,1,0,0,1058967.783,1018697.1786534091,1058967.783,6.255790960451978,12137.541,0.6582135710969449,6.90422976E7,1,100000,UNIFORM,1,83.17616949152541,54.65196610169492,17,0,0,1058535,214,0,0,0,58.0,0.0,false,0,0,173,0,0,9,763,121271,1,0,0,0,0,0,116113,219,5.0,0,2335,0,4,17,0,0,0,1,SAFE,0,0,171047,0,0,11345,8,0,2864,0,0,1018740,176,{2PC=org.infinispan.reconfigurableprotocol.protocol.TwoPhaseCommitProtocol},3100,188,0,1.0,0,-1.0,0,0,0.0,1,177,1000,0,1018522,0,true,0,0,115,0,1.0909090909090908,1018514,0,0,0,2,0,0.0,5,0,0,0,true,4.0,100675,0,0,43,0,0,true,1058544,966.4090909090909,6928,0,0,0,74960,0.9833333333333333,0,71,11345,0,60,0.0,0.0,0,1000,0,9,0,0,58.0,{TO=org.infinispan.reconfigurableprotocol.protocol.TotalOrderCommitProtocol__ 2PC=org.infinispan.reconfigurableprotocol.protocol.TwoPhaseCommitProtocol__ PB=org.infinispan.reconfigurableprotocol.protocol.PassiveReplicationCommitProtocol},0,0,2PC,0,959.0,0.0,0,2687,168,0,1046900,0,1034,0,100371,1018032,1,167,0,8114,177000,0,999,1,0,0,0,0,3372,92,0.0,5.0,4749,2PC__ TO__ PB,0,0,0,1.0444444444444445,0.005649717514124294,0,0,0.0,0,0.005649717514124294,3367,3367
3,180730,0,172,1,0,0,1069011.512,1044371.8035813954,1069011.512,9.196942196531792,23950.111,0.5361351606794156,6.595756E7,1,100000,UNIFORM,1,118.25015028901734,57.327630057803475,14,0,0,1068859,199,0,0,0,58.0,0.0,false,0,0,163,0,0,9,1226,105894,1,0,0,0,0,0,101362,203,5.0,0,2104,0,5,17,0,0,0,1,SAFE,0,0,167293,0,0,0,9,0,2863,0,0,1044269,172,{2PC=org.infinispan.reconfigurableprotocol.protocol.TwoPhaseCommitProtocol},3025,193,0,0.0,0,-1.0,0,0,0.0,0,173,1000,0,1044134,0,true,0,0,179,0,1.1,1044126,0,0,0,2,0,0.0,5,0,0,0,true,5.0,101821,0,0,43,0,0,true,1068867,966.9651162790698,20106,0,0,0,69179,0.9611111111111111,0,71,0,0,60,0.0,0.0,0,1000,0,9,0,0,58.0,{TO=org.infinispan.reconfigurableprotocol.protocol.TotalOrderCommitProtocol__ 2PC=org.infinispan.reconfigurableprotocol.protocol.TwoPhaseCommitProtocol__ PB=org.infinispan.reconfigurableprotocol.protocol.PassiveReplicationCommitProtocol},0,0,2PC,0,975.0,0.0,0,2333,158,0,1045137,0,1060,0,101523,1043752,0,232,0,20763,173000,0,1026,1,0,0,0,0,2862,93,0.0,5.0,3025,2PC__ TO__ PB,0,0,0,1.0722222222222222,0.005780346820809248,0,0,0.0,0,0.005780346820809248,3309,3309
4,180190,0,175,1,0,0,1074166.702,1023427.0142514287,1074166.702,7.5526136363636365,9434.355,0.4434913774951267,8.022395413333334E7,1,100000,UNIFORM,1,86.03653977272728,55.73484090909091,15,0,0,1073999,176,0,0,0,58.0,0.0,false,0,0,173,0,0,10,1568,114972,1,0,0,0,0,0,110186,179,5.0,0,2383,0,4,17,0,0,0,1,SAFE,0,0,170216,0,0,0,9,0,2863,0,0,1023512,175,{2PC=org.infinispan.reconfigurableprotocol.protocol.TwoPhaseCommitProtocol},6267,193,0,1.0,0,-1.0,0,0,0.0,0,176,1000,0,1023235,0,true,0,0,124,0,1.0588235294117647,1023223,0,0,0,2,0,0.0,5,0,0,0,true,4.0,103794,0,0,43,0,0,true,1074007,967.0685714285714,4270,0,0,0,79928,0.9777777777777777,0,71,0,0,60,0.0,0.0,0,1000,0,10,0,0,58.0,{TO=org.infinispan.reconfigurableprotocol.protocol.TotalOrderCommitProtocol__ 2PC=org.infinispan.reconfigurableprotocol.protocol.TwoPhaseCommitProtocol__ PB=org.infinispan.reconfigurableprotocol.protocol.PassiveReplicationCommitProtocol},0,0,2PC,0,979.0,0.0,0,2248,164,0,1064789,0,1039,0,103464,1022804,0,174,0,5009,176000,0,1003,1,0,0,0,0,3651,94,0.0,5.0,6267,2PC__ TO__ PB,0,0,0,1.0722222222222222,0.005681818181818182,0,0,0.0,0,0.005681818181818182,3257,3257
5,180336,0,164,5,0,0,1046075.4096,1067600.5548536587,1046075.4096,7.964284023668639,7112.182,0.6518942872104325,6.283031946666667E7,1,100000,UNIFORM,1,100.88520710059171,59.273118343195264,14,0,0,1045923,219,0,0,0,58.0,0.0,false,0,0,184,0,0,9,1044,105092,5,0,0,0,0,0,101599,222,5.0,0,1682,0,24,18,0,0,0,1,SAFE,0,0,163196,0,0,0,9,0,2863,0,0,1066766,164,{2PC=org.infinispan.reconfigurableprotocol.protocol.TwoPhaseCommitProtocol},3451,181,0,0.2,0,-1.0,0,0,0.0,0,169,1000,0,1067411,0,true,0,0,103,0,1.0833333333333333,1067401,0,0,0,2,0,0.0,25,0,0,0,true,4.8,105346,0,0,43,0,0,true,1045931,965.6524390243902,3596,0,0,0,82663,0.9388888888888889,0,71,0,0,60,0.0,0.0,0,1000,0,9,0,0,58.0,{TO=org.infinispan.reconfigurableprotocol.protocol.TotalOrderCommitProtocol__ 2PC=org.infinispan.reconfigurableprotocol.protocol.TwoPhaseCommitProtocol__ PB=org.infinispan.reconfigurableprotocol.protocol.PassiveReplicationCommitProtocol},0,0,2PC,0,965.8,0.0,0,1717,179,0,1039249,0,1084,0,105007,1066950,0,179,0,4018,169000,0,1047,5,0,0,0,0,2557,96,0.0,5.0,3451,2PC__ TO__ PB,0,0,0,1.0055555555555555,0.029585798816568046,0,0,0.0,0,0.029585798816568046,3391,3391
6,179998,0,163,2,0,0,1202362.3705,1089419.8911963191,1202362.3705,8.448030303030304,12004.267,0.46768809924413085,1.002184208E8,1,100000,UNIFORM,1,87.84515757575758,58.10599393939394,15,0,0,1201939,202,0,0,0,58.0,0.0,false,0,0,169,0,0,10,1805,141839,2,0,0,0,0,0,135821,205,5.0,0,2579,0,9,20,0,0,0,1,SAFE,0,0,159526,0,0,11774,9,0,2864,0,0,1090588,163,{2PC=org.infinispan.reconfigurableprotocol.protocol.TwoPhaseCommitProtocol},3755,182,0,0.5,0,-1.0,0,0,0.0,0,165,1000,0,1089232,0,true,0,0,141,0,1.1176470588235294,1089222,0,0,0,2,0,0.0,10,0,0,0,true,4.5,112967,0,0,43,0,0,true,1201953,966.7116564417178,6189,0,0,0,83206,0.9166666666666666,0,71,11774,0,60,0.0,0.0,0,1000,0,10,0,0,58.0,{TO=org.infinispan.reconfigurableprotocol.protocol.TotalOrderCommitProtocol__ 2PC=org.infinispan.reconfigurableprotocol.protocol.TwoPhaseCommitProtocol__ PB=org.infinispan.reconfigurableprotocol.protocol.PassiveReplicationCommitProtocol},0,0,2PC,0,976.0,0.0,0,3290,163,0,1190992,0,1105,0,112622,1088758,0,181,0,6849,165000,0,1065,2,0,0,0,0,3951,103,0.0,5.0,4372,2PC__ TO__ PB,0,0,0,1.011111111111111,0.012121212121212121,0,0,0.0,0,0.012121212121212121,3322,3322
7,180688,0,163,3,0,0,1033674.372,1089393.3158343558,1033674.372,8.677650602409638,6313.905333333333,0.6580008740440741,7.439665333333333E7,1,100000,UNIFORM,1,79.49986746987952,57.490030120481926,15,0,0,1033542,319,0,0,0,58.0,0.0,false,0,0,204,0,0,9,1013,121002,3,0,0,0,0,0,117826,272,5.0,0,1564,0,14,20,0,0,0,1,SAFE,0,0,160406,0,0,0,9,0,2863,0,0,1088173,163,{2PC=org.infinispan.reconfigurableprotocol.protocol.TwoPhaseCommitProtocol},3270,176,0,0.3333333333333333,0,-1.0,0,0,0.0,0,166,1000,0,1089186,0,true,0,0,81,0,1.0,1089178,0,0,0,2,0,0.0,15,0,0,0,true,4.666666666666667,110741,0,0,43,0,0,true,1033550,966.3496932515337,3047,0,0,0,73656,0.9222222222222223,0,71,0,0,60,0.0,0.0,0,1000,0,9,0,0,58.0,{TO=org.infinispan.reconfigurableprotocol.protocol.TotalOrderCommitProtocol__ 2PC=org.infinispan.reconfigurableprotocol.protocol.TwoPhaseCommitProtocol__ PB=org.infinispan.reconfigurableprotocol.protocol.PassiveReplicationCommitProtocol},0,0,2PC,0,963.6666666666666,0.0,0,1533,199,0,1027427,0,1104,0,110388,1088535,0,195,0,3411,166000,0,1064,3,0,0,0,0,2624,101,0.0,5.0,3270,2PC__ TO__ PB,0,0,0,0.9777777777777777,0.018072289156626505,0,0,0.0,0,0.018072289156626505,3311,3311
8,180691,0,172,2,0,0,1098885.6505,1037618.0865697674,1098885.6505,9.421735632183909,7580.177,0.6029199804612891,5.84140048E7,1,100000,UNIFORM,1,111.956,53.6910632183908,15,0,0,1098741,197,0,0,0,58.0,0.0,false,0,0,158,0,0,9,1285,101725,2,0,0,0,0,0,97442,200,5.0,0,1923,0,9,16,0,0,0,1,SAFE,0,0,168070,0,0,0,9,0,2864,0,0,1038124,172,{2PC=org.infinispan.reconfigurableprotocol.protocol.TwoPhaseCommitProtocol},5324,192,0,0.5,0,-1.0,0,0,0.0,0,174,1000,0,1037427,0,true,0,0,141,0,1.1111111111111112,1037420,0,0,0,2,0,0.0,10,0,0,0,true,4.5,100097,0,0,43,0,0,true,1098750,965.8488372093024,3982,0,0,0,69631,0.9666666666666667,0,71,0,0,60,0.0,0.0,0,1000,0,9,0,0,58.0,{TO=org.infinispan.reconfigurableprotocol.protocol.TotalOrderCommitProtocol__ 2PC=org.infinispan.reconfigurableprotocol.protocol.TwoPhaseCommitProtocol__ PB=org.infinispan.reconfigurableprotocol.protocol.PassiveReplicationCommitProtocol},0,0,2PC,0,972.0,0.0,0,2250,154,0,1091386,0,1056,0,99773,1037039,0,213,0,4526,174000,0,1021,2,0,0,0,0,2712,91,0.0,5.0,5324,2PC__ TO__ PB,0,0,0,1.0666666666666667,0.011494252873563218,0,0,0.0,0,0.011494252873563218,3416,3416
9,180122,0,168,1,0,0,1106314.379,1065464.7720595237,1106314.379,6.797313609467455,29478.888,0.7207405812046811,6.978998293333334E7,1,100000,UNIFORM,1,83.48400591715976,58.37106508875739,13,0,0,1106158,210,0,0,0,58.0,0.0,false,0,0,184,0,0,10,1521,110799,1,0,0,0,0,0,105914,213,5.0,0,2166,0,5,18,0,0,0,1,SAFE,0,0,163452,0,0,0,10,0,2864,0,0,1065521,168,{2PC=org.infinispan.reconfigurableprotocol.protocol.TwoPhaseCommitProtocol},3441,184,0,0.0,0,-1.0,0,0,0.0,0,169,1000,0,1065287,0,true,0,0,132,0,1.0666666666666667,1065279,0,0,0,2,0,0.0,5,0,0,0,true,5.0,103447,0,0,43,0,0,true,1106168,967.1785714285714,23926,0,0,0,81612,0.9388888888888889,0,71,0,0,60,0.0,0.0,0,1000,0,10,0,0,58.0,{TO=org.infinispan.reconfigurableprotocol.protocol.TotalOrderCommitProtocol__ 2PC=org.infinispan.reconfigurableprotocol.protocol.TwoPhaseCommitProtocol__ PB=org.infinispan.reconfigurableprotocol.protocol.PassiveReplicationCommitProtocol},0,0,2PC,0,966.0,0.0,0,2625,179,0,1076910,0,1081,0,103105,1064842,0,163,0,25190,169000,0,1046,1,0,0,0,0,3958,94,0.0,5.0,3441,2PC__ TO__ PB,0,0,0,1.0222222222222221,0.005917159763313609,0,0,0.0,0,0.005917159763313609,3287,3287
10,180084,0,170,0,0,0,NaN,1059224.4384058823,NaN,8.899664705882353,NaN,0.42826807594349753,7.351206026666667E7,1,100000,UNIFORM,1,79.02239999999999,59.69832352941176,15,0,0,0,186,0,0,0,58.0,0.0,false,0,0,162,0,0,0,0,0,0,0,0,0,0,0,0,189,0.0,0,0,0,0,17,0,0,0,1,SAFE,0,0,164373,0,0,0,0,0,0,0,0,1059013,170,{2PC=org.infinispan.reconfigurableprotocol.protocol.TwoPhaseCommitProtocol},2950,187,0,0.0,0,0.0,0,0,0.0,0,170,0,0,1059026,0,true,0,0,0,0,1.0,1059013,0,0,0,2,0,0.0,0,0,0,0,true,0.0,99718,0,0,43,0,0,true,0,966.9,0,0,0,0,96838,0.9444444444444444,0,0,0,0,60,0.0,0.0,0,1000,0,0,0,0,0.0,{TO=org.infinispan.reconfigurableprotocol.protocol.TotalOrderCommitProtocol__ 2PC=org.infinispan.reconfigurableprotocol.protocol.TwoPhaseCommitProtocol__ PB=org.infinispan.reconfigurableprotocol.protocol.PassiveReplicationCommitProtocol},0,0,2PC,0,0.0,0.0,0,0,157,0,0,0,1076,0,99370,1058593,0,172,0,0,170000,0,1041,0,0,0,0,0,0,90,0.0,0.0,2950,2PC__ TO__ PB,0,0,0,1.038888888888889,0.0,0,0,0.0,0,0.0,3361,3361
11,180668,0,173,0,0,0,NaN,1044202.7695722543,NaN,8.282872832369941,NaN,0.5332571109189399,7.373699733333333E7,1,100000,UNIFORM,1,105.13982658959539,57.90248554913295,13,0,0,0,201,0,0,0,58.0,0.0,false,0,0,200,0,0,0,0,0,0,0,0,0,0,0,0,204,0.0,0,0,0,0,17,0,0,0,1,SAFE,0,0,167138,0,0,0,0,0,0,0,0,1043999,173,{2PC=org.infinispan.reconfigurableprotocol.protocol.TwoPhaseCommitProtocol},4388,188,0,0.0,0,0.0,0,0,0.0,0,173,0,0,1044006,0,true,0,0,0,0,1.0,1043999,0,0,0,2,0,0.0,0,0,0,0,true,0.0,98399,0,0,43,0,0,true,0,966.1156069364162,0,0,0,0,72375,0.9611111111111111,0,0,0,0,60,0.0,0.0,0,1000,0,0,0,0,0.0,{TO=org.infinispan.reconfigurableprotocol.protocol.TotalOrderCommitProtocol__ 2PC=org.infinispan.reconfigurableprotocol.protocol.TwoPhaseCommitProtocol__ PB=org.infinispan.reconfigurableprotocol.protocol.PassiveReplicationCommitProtocol},0,0,2PC,0,0.0,0.0,0,0,195,0,0,0,1061,0,98056,1043555,0,192,0,0,173000,0,1027,0,0,0,0,0,0,89,0.0,0.0,4388,2PC__ TO__ PB,0,0,0,1.0444444444444445,0.0,0,0,0.0,0,0.0,3382,3382
12,180569,0,170,1,0,0,970388.304,1056344.981382353,970388.304,7.506309941520468,8416.36,0.5788283296971273,6.59841856E7,1,100000,UNIFORM,1,96.91326900584795,55.31656140350877,14,0,0,970230,237,0,0,0,58.0,0.0,false,0,0,186,0,0,9,979,110674,1,0,0,0,0,0,106275,243,5.0,0,1962,0,5,18,0,0,0,1,SAFE,0,0,165234,0,0,0,9,0,2863,0,0,1055602,170,{2PC=org.infinispan.reconfigurableprotocol.protocol.TwoPhaseCommitProtocol},4119,184,0,0.0,0,-1.0,0,0,0.0,0,171,1000,0,1056112,0,true,0,0,114,0,1.0769230769230769,1056104,0,0,0,2,0,0.0,5,0,0,0,true,5.0,99456,0,0,43,0,0,true,970239,966.2941176470588,4272,0,0,0,84796,0.95,0,71,0,0,60,0.0,0.0,0,1000,0,9,0,0,58.0,{TO=org.infinispan.reconfigurableprotocol.protocol.TotalOrderCommitProtocol__ 2PC=org.infinispan.reconfigurableprotocol.protocol.TwoPhaseCommitProtocol__ PB=org.infinispan.reconfigurableprotocol.protocol.PassiveReplicationCommitProtocol},0,0,2PC,0,964.0,0.0,0,2291,206,0,962081,0,1072,0,99101,1055668,0,209,0,5472,171000,0,1038,1,0,0,0,0,2348,90,0.0,5.0,4119,2PC__ TO__ PB,0,0,0,1.0222222222222221,0.005847953216374269,0,0,0.0,0,0.005847953216374269,3316,3316
13,180815,0,172,0,0,0,NaN,1051145.8431162792,NaN,12.790936046511629,NaN,0.6346266265365041,7.166624586666666E7,1,100000,UNIFORM,1,86.90600581395348,54.79723837209302,14,0,0,0,205,0,0,0,58.0,0.0,false,0,0,174,0,0,0,0,0,0,0,0,0,0,0,0,207,0.0,0,0,0,0,17,0,0,0,1,SAFE,0,0,166485,0,0,0,0,0,0,0,0,1050954,172,{2PC=org.infinispan.reconfigurableprotocol.protocol.TwoPhaseCommitProtocol},5485,183,0,0.0,0,0.0,0,0,0.0,0,172,0,0,1050964,0,true,0,0,0,0,1.0909090909090908,1050954,0,0,0,2,0,0.0,0,0,0,0,true,0.0,98668,0,0,43,0,0,true,0,967.9360465116279,0,0,0,0,76777,0.9555555555555556,0,0,0,0,60,0.0,0.0,0,1000,0,0,0,0,0.0,{TO=org.infinispan.reconfigurableprotocol.protocol.TotalOrderCommitProtocol__ 2PC=org.infinispan.reconfigurableprotocol.protocol.TwoPhaseCommitProtocol__ PB=org.infinispan.reconfigurableprotocol.protocol.PassiveReplicationCommitProtocol},0,0,2PC,0,0.0,0.0,0,0,211,0,0,0,1066,0,98312,1050501,0,177,0,0,172000,0,1034,0,0,0,0,0,0,89,0.0,0.0,5485,2PC__ TO__ PB,0,0,0,1.0166666666666666,0.0,0,0,0.0,0,0.0,3233,3233
14,180720,0,175,0,0,0,NaN,1032588.1989600001,NaN,11.787634285714287,NaN,0.6614762257818242,6.75013536E7,1,100000,UNIFORM,1,80.91430285714286,54.979234285714284,13,0,0,0,211,0,0,0,58.0,0.0,false,0,0,168,0,0,0,0,0,0,0,0,0,0,0,0,214,0.0,0,0,0,0,17,0,0,0,1,SAFE,0,0,169205,0,0,0,0,0,0,0,0,1032385,175,{2PC=org.infinispan.reconfigurableprotocol.protocol.TwoPhaseCommitProtocol},4281,185,0,0.0,0,0.0,0,0,0.0,0,175,0,0,1032398,0,true,0,0,0,0,1.0,1032385,0,0,0,2,0,0.0,0,0,0,0,true,0.0,99773,0,0,43,0,0,true,0,966.8857142857142,0,0,0,0,80622,0.9722222222222222,0,0,0,0,60,0.0,0.0,0,1000,0,0,0,0,0.0,{TO=org.infinispan.reconfigurableprotocol.protocol.TotalOrderCommitProtocol__ 2PC=org.infinispan.reconfigurableprotocol.protocol.TwoPhaseCommitProtocol__ PB=org.infinispan.reconfigurableprotocol.protocol.PassiveReplicationCommitProtocol},0,0,2PC,0,0.0,0.0,0,0,198,0,0,0,1048,0,99449,1031987,0,185,0,0,175000,0,1015,0,0,0,0,0,0,90,0.0,0.0,4281,2PC__ TO__ PB,0,0,0,1.0277777777777777,0.0,0,0,0.0,0,0.0,3264,3264
15,180105,0,170,3,0,0,1007839.1703333334,1041530.6562588235,1007839.1703333334,8.704248554913294,8579.937333333333,0.4831675850216785,6.783014133333333E7,1,100000,UNIFORM,1,101.04186705202312,58.90446242774567,13,0,0,1007699,187,0,0,0,58.0,0.0,false,0,0,153,0,0,9,1016,101309,3,0,0,0,0,0,97491,190,5.0,0,1823,0,14,17,0,0,0,1,SAFE,0,0,167190,0,0,0,9,0,2863,0,0,1040745,170,{2PC=org.infinispan.reconfigurableprotocol.protocol.TwoPhaseCommitProtocol},3652,187,0,0.3333333333333333,0,-1.0,0,0,0.0,0,173,1000,0,1041337,0,true,0,0,121,0,1.0,1041328,0,0,0,2,0,0.0,15,0,0,0,true,4.666666666666667,101387,0,0,43,0,0,true,1007709,966.4470588235295,4366,0,0,0,86363,0.9611111111111111,0,71,0,0,60,0.0,0.0,0,1000,0,9,0,0,58.0,{TO=org.infinispan.reconfigurableprotocol.protocol.TotalOrderCommitProtocol__ 2PC=org.infinispan.reconfigurableprotocol.protocol.TwoPhaseCommitProtocol__ PB=org.infinispan.reconfigurableprotocol.protocol.PassiveReplicationCommitProtocol},0,0,2PC,0,964.6666666666666,0.0,0,1892,148,0,999349,0,1058,0,101047,1040912,0,182,0,5206,173000,0,1023,3,0,0,0,0,2963,92,0.0,5.0,3652,2PC__ TO__ PB,0,0,0,1.038888888888889,0.017341040462427744,0,0,0.0,0,0.017341040462427744,3382,3382
16,180212,0,172,2,0,0,1116654.233,1034658.6760872094,1116654.233,10.406166666666666,7155.5695,0.5324666138745433,6.1594384E7,1,100000,UNIFORM,1,86.31186781609195,54.14274712643679,14,0,0,1116415,200,0,0,0,58.0,0.0,false,0,0,183,0,0,10,859,122513,2,0,0,0,0,0,119199,202,5.0,0,1519,0,8,17,0,0,0,1,SAFE,0,0,168034,0,0,6675,9,0,2864,0,0,1035405,172,{2PC=org.infinispan.reconfigurableprotocol.protocol.TwoPhaseCommitProtocol},3129,186,0,1.0,0,-1.0,0,0,0.0,1,174,1000,0,1034472,0,true,0,0,145,0,1.0,1034463,0,0,0,2,0,0.0,10,0,0,0,true,4.0,99496,0,0,43,0,0,true,1116422,965.7441860465116,3766,0,0,0,76140,0.9666666666666667,0,71,6675,0,60,0.0,0.0,0,1000,0,10,0,0,58.0,{TO=org.infinispan.reconfigurableprotocol.protocol.TotalOrderCommitProtocol__ 2PC=org.infinispan.reconfigurableprotocol.protocol.TwoPhaseCommitProtocol__ PB=org.infinispan.reconfigurableprotocol.protocol.PassiveReplicationCommitProtocol},0,0,2PC,0,963.0,0.0,0,1712,178,0,1109549,0,1053,0,99175,1034075,1,177,0,4372,174000,0,1017,2,0,0,0,0,2412,91,0.0,5.0,3917,2PC__ TO__ PB,0,0,0,1.0333333333333334,0.011494252873563218,0,0,0.0,0,0.011494252873563218,3431,3431
17,180545,0,170,2,0,0,1019355.95,1049931.2860588236,1019355.95,7.993267441860465,10311.7095,0.6450369987660596,7.523606613333334E7,1,100000,UNIFORM,1,100.44461627906978,58.368063953488374,13,0,0,1019203,207,0,0,0,58.0,0.0,false,0,0,171,0,0,10,1552,107986,2,0,0,0,0,0,103302,210,5.0,0,2010,0,10,18,0,0,0,1,SAFE,0,0,166288,0,0,0,10,0,2863,0,0,1049350,170,{2PC=org.infinispan.reconfigurableprotocol.protocol.TwoPhaseCommitProtocol},7268,188,0,0.0,0,-1.0,0,0,0.0,0,172,1000,0,1049716,0,true,0,0,99,0,1.125,1049705,0,0,0,2,0,0.0,10,0,0,0,true,5.0,101769,0,0,43,0,0,true,1019212,966.8352941176471,5345,0,0,0,92386,0.9555555555555556,0,71,0,0,60,0.0,0.0,0,1000,0,10,0,0,58.0,{TO=org.infinispan.reconfigurableprotocol.protocol.TotalOrderCommitProtocol__ 2PC=org.infinispan.reconfigurableprotocol.protocol.TwoPhaseCommitProtocol__ PB=org.infinispan.reconfigurableprotocol.protocol.PassiveReplicationCommitProtocol},0,0,2PC,0,963.0,0.0,0,2584,166,0,1009272,0,1065,0,101444,1049294,0,203,0,6779,172000,0,1030,2,0,0,0,0,3064,92,0.0,5.0,7268,2PC__ TO__ PB,0,0,0,1.0444444444444445,0.011627906976744186,0,0,0.0,0,0.011627906976744186,3325,3325
18,180480,0,169,1,0,0,1073041.184,1061493.8797100591,1073041.184,7.225305882352941,8928.239,0.5556039308587744,7.782854933333333E7,1,100000,UNIFORM,1,72.24101764705883,53.30915882352941,15,0,0,1072896,175,0,0,0,58.0,0.0,false,0,0,143,0,0,7,889,109992,1,0,0,0,0,0,105648,177,5.0,0,2059,0,5,18,0,0,0,1,SAFE,0,0,164338,0,0,0,7,0,2864,0,0,1061352,169,{2PC=org.infinispan.reconfigurableprotocol.protocol.TwoPhaseCommitProtocol},2987,191,0,0.0,0,-1.0,0,0,0.0,0,170,1000,0,1061291,0,true,0,0,150,0,1.0952380952380953,1061284,0,0,0,2,0,0.0,5,0,0,0,true,5.0,108655,0,0,43,0,0,true,1072904,966.7159763313609,4492,0,0,0,81987,0.9444444444444444,0,71,0,0,60,0.0,0.0,0,1000,0,7,0,0,58.0,{TO=org.infinispan.reconfigurableprotocol.protocol.TotalOrderCommitProtocol__ 2PC=org.infinispan.reconfigurableprotocol.protocol.TwoPhaseCommitProtocol__ PB=org.infinispan.reconfigurableprotocol.protocol.PassiveReplicationCommitProtocol},0,0,2PC,0,963.0,0.0,0,2194,138,0,1064178,0,1077,0,108336,1060861,0,175,0,5658,170000,0,1038,1,0,0,0,0,2968,99,0.0,5.0,2987,2PC__ TO__ PB,0,0,0,1.0611111111111111,0.0058823529411764705,0,0,0.0,0,0.0058823529411764705,3372,3372
19,180785,0,172,0,0,0,NaN,1050971.6966802324,NaN,6.970645348837209,NaN,0.5678931098710801,9.93607536E7,1,100000,UNIFORM,1,88.45762790697675,58.15377325581395,17,0,0,0,189,0,0,0,58.0,0.0,false,0,0,158,0,0,0,0,0,0,0,0,0,0,0,0,192,0.0,0,0,0,0,17,0,0,0,1,SAFE,0,0,166423,0,0,0,0,0,0,0,0,1050786,172,{2PC=org.infinispan.reconfigurableprotocol.protocol.TwoPhaseCommitProtocol},3368,191,0,0.0,0,0.0,0,0,0.0,0,172,0,0,1050796,0,true,0,0,0,0,1.0,1050786,0,0,0,2,0,0.0,0,0,0,0,true,0.0,99005,0,0,43,0,0,true,0,967.5755813953489,0,0,0,0,78910,0.9555555555555556,0,0,0,0,60,0.0,0.0,0,1000,0,0,0,0,0.0,{TO=org.infinispan.reconfigurableprotocol.protocol.TotalOrderCommitProtocol__ 2PC=org.infinispan.reconfigurableprotocol.protocol.TwoPhaseCommitProtocol__ PB=org.infinispan.reconfigurableprotocol.protocol.PassiveReplicationCommitProtocol},0,0,2PC,0,0.0,0.0,0,0,153,0,0,0,1067,0,98709,1050431,0,164,0,0,172000,0,1034,0,0,0,0,0,0,90,0.0,0.0,3368,2PC__ TO__ PB,0,0,0,1.0611111111111111,0.0,0,0,0.0,0,0.0,3296,3296
20,180727,0,169,1,0,0,1096267.658,1062772.5853727811,1096267.658,13.160435294117647,12803.764,0.5861297586026305,9.096411146666667E7,1,100000,UNIFORM,1,100.20665882352942,58.2926,13,0,0,1095997,217,0,0,0,58.0,0.0,false,0,0,165,0,0,9,1190,110834,1,0,0,0,0,0,107195,220,5.0,0,1248,0,5,19,0,0,0,1,SAFE,0,0,164252,0,0,0,9,0,2861,0,0,1062767,169,{2PC=org.infinispan.reconfigurableprotocol.protocol.TwoPhaseCommitProtocol},3585,184,0,0.0,0,-1.0,0,0,0.0,0,170,1000,0,1062578,0,true,0,0,102,0,1.0,1062571,0,0,0,2,0,0.0,5,0,0,0,true,5.0,101938,0,0,43,0,0,true,1096004,966.2366863905326,9237,0,0,0,74765,0.9444444444444444,0,71,0,0,60,0.0,0.0,0,1000,0,9,0,0,58.0,{TO=org.infinispan.reconfigurableprotocol.protocol.TotalOrderCommitProtocol__ 2PC=org.infinispan.reconfigurableprotocol.protocol.TwoPhaseCommitProtocol__ PB=org.infinispan.reconfigurableprotocol.protocol.PassiveReplicationCommitProtocol},0,0,2PC,0,958.0,0.0,0,2315,160,0,1083753,0,1079,0,101607,1062194,0,194,0,9777,170000,0,1044,1,0,0,0,0,2393,92,0.0,5.0,3585,2PC__ TO__ PB,0,0,0,1.0222222222222221,0.0058823529411764705,0,0,0.0,0,0.0058823529411764705,3438,3438
21,180011,0,175,3,0,0,1058420.905,1010378.7076000001,1058420.905,6.987028089887641,7011.909666666667,0.5304353499409318,9.523776373333333E7,1,100000,UNIFORM,1,93.19812359550562,52.6344606741573,15,0,0,1058280,203,0,0,0,58.0,0.0,false,0,0,165,0,0,9,1032,104330,3,0,0,0,0,0,100595,206,5.0,0,1804,0,15,17,0,0,0,1,SAFE,0,0,172165,0,0,0,9,0,2863,0,0,1011004,175,{2PC=org.infinispan.reconfigurableprotocol.protocol.TwoPhaseCommitProtocol},3873,194,0,0.0,0,-1.0,0,0,0.0,0,178,1000,0,1010207,0,true,0,0,114,0,1.1875,1010194,0,0,0,2,0,0.0,15,0,0,0,true,5.0,101629,0,0,43,0,0,true,1058288,967.1714285714286,3615,0,0,0,73606,0.9888888888888889,0,71,0,0,60,0.0,0.0,0,1000,0,9,0,0,58.0,{TO=org.infinispan.reconfigurableprotocol.protocol.TotalOrderCommitProtocol__ 2PC=org.infinispan.reconfigurableprotocol.protocol.TwoPhaseCommitProtocol__ PB=org.infinispan.reconfigurableprotocol.protocol.PassiveReplicationCommitProtocol},0,0,2PC,0,970.0,0.0,0,1841,161,0,1051487,0,1026,0,101298,1009810,0,185,0,4253,178000,0,993,3,0,0,0,0,2450,92,0.0,5.0,3873,2PC__ TO__ PB,0,0,0,1.0777777777777777,0.016853932584269662,0,0,0.0,0,0.016853932584269662,3291,3291
22,180559,0,170,3,0,0,1061826.6933333334,1043278.9795529412,1061826.6933333334,9.062254335260116,8309.572666666667,0.6367007215924907,9.89204432E7,1,100000,UNIFORM,1,86.52860115606936,56.745439306358385,13,0,0,1061681,199,0,0,0,58.0,0.0,false,0,0,160,0,0,10,1577,101386,3,0,0,0,0,0,97255,203,5.0,0,1914,0,15,17,0,0,0,1,SAFE,0,0,167043,0,0,0,10,0,2863,0,0,1043362,170,{2PC=org.infinispan.reconfigurableprotocol.protocol.TwoPhaseCommitProtocol},3180,192,0,0.0,0,-1.0,0,0,0.0,0,173,1000,0,1043047,0,true,0,0,143,0,1.105263157894737,1043039,0,0,0,2,0,0.0,15,0,0,0,true,5.0,100783,0,0,43,0,0,true,1061689,965.5588235294117,4260,0,0,0,83510,0.9611111111111111,0,71,0,0,60,0.0,0.0,0,1000,0,10,0,0,58.0,{TO=org.infinispan.reconfigurableprotocol.protocol.TotalOrderCommitProtocol__ 2PC=org.infinispan.reconfigurableprotocol.protocol.TwoPhaseCommitProtocol__ PB=org.infinispan.reconfigurableprotocol.protocol.PassiveReplicationCommitProtocol},0,0,2PC,0,966.0,0.0,0,2122,155,0,1053625,0,1061,0,100471,1042655,0,210,0,4808,173000,0,1027,3,0,0,0,0,3150,92,0.0,5.0,3180,2PC__ TO__ PB,0,0,0,1.0666666666666667,0.017341040462427744,0,0,0.0,0,0.017341040462427744,3375,3375
23,180252,0,173,2,0,0,938327.8895,1030938.4561271676,938327.8895,9.242502857142858,9018.982,0.6348574672292467,9.610557493333334E7,1,100000,UNIFORM,1,103.08727428571429,56.3422,13,0,0,938161,191,0,0,0,58.0,0.0,false,0,0,161,0,0,10,1441,110170,2,0,0,0,0,0,105527,194,5.0,0,1909,0,10,18,0,0,0,1,SAFE,0,0,169459,0,0,0,10,0,2864,0,0,1029683,173,{2PC=org.infinispan.reconfigurableprotocol.protocol.TwoPhaseCommitProtocol},6034,193,0,0.0,0,-1.0,0,0,0.0,0,175,1000,0,1030750,0,true,0,0,151,0,1.0,1030741,0,0,0,2,0,0.0,10,0,0,0,true,5.0,105191,0,0,43,0,0,true,938170,968.3468208092486,5393,0,0,0,81816,0.9722222222222222,0,71,0,0,60,0.0,0.0,0,1000,0,10,0,0,58.0,{TO=org.infinispan.reconfigurableprotocol.protocol.TotalOrderCommitProtocol__ 2PC=org.infinispan.reconfigurableprotocol.protocol.TwoPhaseCommitProtocol__ PB=org.infinispan.reconfigurableprotocol.protocol.PassiveReplicationCommitProtocol},0,0,2PC,0,967.5,0.0,0,2634,157,0,929395,0,1043,0,104859,1030338,0,189,0,5939,175000,0,1007,2,0,0,0,0,2727,95,0.0,5.0,6034,2PC__ TO__ PB,0,0,0,1.0722222222222222,0.011428571428571429,0,0,0.0,0,0.011428571428571429,3268,3268
24,180677,0,175,2,0,0,1016878.653,1020712.1429542857,1016878.653,7.362418079096045,8175.075,0.6339645474627627,9.590147146666667E7,1,100000,UNIFORM,1,92.02625988700565,59.712677966101694,15,0,0,1016699,181,0,0,0,58.0,0.0,false,0,0,158,0,0,9,992,111356,2,0,0,0,0,0,107020,184,5.0,0,1894,0,10,17,0,0,0,1,SAFE,0,0,171143,0,0,0,9,0,2862,0,0,1020475,175,{2PC=org.infinispan.reconfigurableprotocol.protocol.TwoPhaseCommitProtocol},3531,191,0,0.0,0,-1.0,0,0,0.0,0,177,1000,0,1020526,0,true,0,0,86,0,1.2142857142857142,1020518,0,0,0,2,0,0.0,10,0,0,0,true,5.0,102406,0,0,43,0,0,true,1016707,966.8742857142857,4688,0,0,0,69622,0.9833333333333333,0,71,0,0,60,0.0,0.0,0,1000,0,9,0,0,58.0,{TO=org.infinispan.reconfigurableprotocol.protocol.TotalOrderCommitProtocol__ 2PC=org.infinispan.reconfigurableprotocol.protocol.TwoPhaseCommitProtocol__ PB=org.infinispan.reconfigurableprotocol.protocol.PassiveReplicationCommitProtocol},0,0,2PC,0,970.0,0.0,0,2353,153,0,1008781,0,1035,0,102085,1020127,0,182,0,5310,177000,0,1000,2,0,0,0,0,2517,93,0.0,5.0,3531,2PC__ TO__ PB,0,0,0,1.0611111111111111,0.011299435028248588,0,0,0.0,0,0.011299435028248588,3285,3285
25,180542,0,168,3,0,0,1359070.4196666668,1050281.6871726192,1359070.4196666668,10.98601754385965,8055.704,0.645275296148016,1.018358688E8,1,100000,UNIFORM,1,91.59683040935673,56.93255555555555,14,0,0,1358521,171,0,0,0,58.0,0.0,false,0,0,154,0,0,9,1023,192208,3,0,0,0,0,0,189452,174,5.0,0,887,0,14,18,0,0,0,1,SAFE,0,0,165116,0,0,0,9,0,2863,0,0,1055428,168,{2PC=org.infinispan.reconfigurableprotocol.protocol.TwoPhaseCommitProtocol},3442,186,0,0.3333333333333333,0,-1.0,0,0,0.0,0,171,1000,0,1050029,0,true,0,0,71,0,1.0666666666666667,1050016,0,0,0,2,0,0.0,15,0,0,0,true,4.666666666666667,102373,0,0,43,0,0,true,1358528,965.6488095238095,5028,0,0,0,78075,0.95,0,71,0,0,60,0.0,0.0,0,1000,0,9,0,0,58.0,{TO=org.infinispan.reconfigurableprotocol.protocol.TotalOrderCommitProtocol__ 2PC=org.infinispan.reconfigurableprotocol.protocol.TwoPhaseCommitProtocol__ PB=org.infinispan.reconfigurableprotocol.protocol.PassiveReplicationCommitProtocol},0,0,2PC,0,962.3333333333334,0.0,0,1776,150,0,1350681,0,1073,0,102042,1049610,0,251,0,5535,171000,0,1036,3,0,0,0,0,2102,94,0.0,5.0,3442,2PC__ TO__ PB,0,0,0,1.0333333333333334,0.017543859649122806,0,0,0.0,0,0.017543859649122806,3405,3405
26,180480,0,165,3,0,0,1118898.7966666666,1073360.500630303,1118898.7966666666,9.051059523809522,10809.423,0.4997787967380111,9.593604586666666E7,1,100000,UNIFORM,1,99.26208333333332,62.780970238095236,17,0,0,1118658,228,0,0,0,58.0,0.0,false,0,0,175,0,0,9,1665,118798,3,0,0,0,0,0,114129,231,5.0,0,1783,0,14,20,0,0,0,1,SAFE,0,0,162514,0,0,12438,9,0,2863,0,0,1073947,165,{2PC=org.infinispan.reconfigurableprotocol.protocol.TwoPhaseCommitProtocol},3581,187,0,0.3333333333333333,0,-1.0,0,0,0.0,0,168,1000,0,1073143,0,true,0,0,124,0,1.0526315789473684,1073134,0,0,0,2,0,0.0,15,0,0,0,true,4.666666666666667,111684,0,0,43,0,0,true,1118667,967.3030303030303,6415,0,0,0,95275,0.9333333333333333,0,71,12438,0,60,0.0,0.0,0,1000,0,9,0,0,58.0,{TO=org.infinispan.reconfigurableprotocol.protocol.TotalOrderCommitProtocol__ 2PC=org.infinispan.reconfigurableprotocol.protocol.TwoPhaseCommitProtocol__ PB=org.infinispan.reconfigurableprotocol.protocol.PassiveReplicationCommitProtocol},0,0,2PC,0,969.6666666666666,0.0,0,2761,168,0,1108170,0,1088,0,111341,1072707,0,188,0,7263,168000,0,1047,3,0,0,0,0,3047,101,0.0,5.0,4467,2PC__ TO__ PB,0,0,0,1.038888888888889,0.017857142857142856,0,0,0.0,0,0.017857142857142856,3326,3326
27,180060,0,165,0,0,0,NaN,1091161.030369697,NaN,7.91590303030303,NaN,0.48929588872658275,9.30807872E7,1,100000,UNIFORM,1,103.4347515151515,65.99675151515152,16,0,0,0,219,0,0,0,58.0,0.0,false,0,0,199,0,0,0,0,0,0,0,0,0,0,0,0,222,0.0,0,0,0,0,19,0,0,0,1,SAFE,0,0,159453,0,0,0,0,0,0,0,0,1090954,165,{2PC=org.infinispan.reconfigurableprotocol.protocol.TwoPhaseCommitProtocol},5641,178,0,0.0,0,0.0,0,0,0.0,0,165,0,0,1090962,0,true,0,0,0,0,1.1538461538461537,1090954,0,0,0,2,0,0.0,0,0,0,0,true,0.0,111434,0,0,43,0,0,true,0,966.3818181818182,0,0,0,0,76874,0.9166666666666666,0,0,0,0,60,0.0,0.0,0,1000,0,0,0,0,0.0,{TO=org.infinispan.reconfigurableprotocol.protocol.TotalOrderCommitProtocol__ 2PC=org.infinispan.reconfigurableprotocol.protocol.TwoPhaseCommitProtocol__ PB=org.infinispan.reconfigurableprotocol.protocol.PassiveReplicationCommitProtocol},0,0,2PC,0,0.0,0.0,0,0,191,0,0,0,1107,0,111072,1090530,0,199,0,0,165000,0,1069,0,0,0,0,0,0,101,0.0,0.0,5641,2PC__ TO__ PB,0,0,0,0.9888888888888889,0.0,0,0,0.0,0,0.0,3301,3301
28,180286,0,172,2,0,0,1042286.83,1035942.2522034884,1042286.83,8.126718390804598,7429.182,0.6542043120872769,9.709510133333333E7,1,100000,UNIFORM,1,94.70939655172414,59.48934482758621,13,0,0,1042177,240,0,0,0,58.0,0.0,false,0,0,174,0,0,10,981,105128,2,0,0,0,0,0,101668,242,5.0,0,1406,0,10,17,0,0,0,1,SAFE,0,0,168229,0,0,0,10,0,2863,0,0,1035818,172,{2PC=org.infinispan.reconfigurableprotocol.protocol.TwoPhaseCommitProtocol},3771,185,0,0.0,0,-1.0,0,0,0.0,0,174,1000,0,1035751,0,true,0,0,104,0,1.0909090909090908,1035744,0,0,0,2,0,0.0,10,0,0,0,true,5.0,100071,0,0,43,0,0,true,1042182,966.8488372093024,4481,0,0,0,70540,0.9666666666666667,0,71,0,0,60,0.0,0.0,0,1000,0,10,0,0,58.0,{TO=org.infinispan.reconfigurableprotocol.protocol.TotalOrderCommitProtocol__ 2PC=org.infinispan.reconfigurableprotocol.protocol.TwoPhaseCommitProtocol__ PB=org.infinispan.reconfigurableprotocol.protocol.PassiveReplicationCommitProtocol},0,0,2PC,0,965.5,0.0,0,1982,169,0,1034916,0,1052,0,99729,1035334,0,194,0,5327,174000,0,1018,2,0,0,0,0,1860,91,0.0,5.0,3771,2PC__ TO__ PB,0,0,0,1.0277777777777777,0.011494252873563218,0,0,0.0,0,0.011494252873563218,3330,3330
29,180184,0,170,1,0,0,1092538.299,1053382.758982353,1092538.299,10.068666666666665,4905.874,0.6164722294073476,9.46184992E7,1,100000,UNIFORM,1,83.51766666666667,61.426403508771934,14,0,0,1092420,217,0,0,0,58.0,0.0,false,0,0,209,0,0,8,673,115440,1,0,0,0,0,0,112970,220,5.0,0,964,0,5,18,0,0,0,1,SAFE,0,0,165376,0,0,0,8,0,2864,0,0,1053403,170,{2PC=org.infinispan.reconfigurableprotocol.protocol.TwoPhaseCommitProtocol},3380,185,0,0.0,0,-1.0,0,0,0.0,0,171,1000,0,1053184,0,true,0,0,143,0,1.1428571428571428,1053173,0,0,0,2,0,0.0,5,0,0,0,true,5.0,105860,0,0,43,0,0,true,1092425,967.1294117647059,2871,0,0,0,77015,0.95,0,71,0,0,60,0.0,0.0,0,1000,0,8,0,0,58.0,{TO=org.infinispan.reconfigurableprotocol.protocol.TotalOrderCommitProtocol__ 2PC=org.infinispan.reconfigurableprotocol.protocol.TwoPhaseCommitProtocol__ PB=org.infinispan.reconfigurableprotocol.protocol.PassiveReplicationCommitProtocol},0,0,2PC,0,964.0,0.0,0,1453,203,0,1087694,0,1069,0,105518,1052749,0,190,0,3330,171000,0,1031,1,0,0,0,0,1344,96,0.0,5.0,3380,2PC__ TO__ PB,0,0,0,1.0277777777777777,0.005847953216374269,0,0,0.0,0,0.005847953216374269,3315,3315
30,180182,0,172,0,0,0,NaN,1047457.1837325582,NaN,9.044017441860465,NaN,0.5201417678853655,9.421067413333334E7,1,100000,UNIFORM,1,104.29181395348837,61.92763953488372,14,0,0,0,210,0,0,0,58.0,0.0,false,0,0,174,0,0,0,0,0,0,0,0,0,0,0,0,212,0.0,0,0,0,0,18,0,0,0,1,SAFE,0,0,166421,0,0,0,0,0,0,0,0,1047246,172,{2PC=org.infinispan.reconfigurableprotocol.protocol.TwoPhaseCommitProtocol},6742,184,0,0.0,0,0.0,0,0,0.0,0,172,0,0,1047253,0,true,0,0,0,0,1.1666666666666667,1047246,0,0,0,2,0,0.0,0,0,0,0,true,0.0,98759,0,0,43,0,0,true,0,967.5639534883721,0,0,0,0,83331,0.9555555555555556,0,0,0,0,60,0.0,0.0,0,1000,0,0,0,0,0.0,{TO=org.infinispan.reconfigurableprotocol.protocol.TotalOrderCommitProtocol__ 2PC=org.infinispan.reconfigurableprotocol.protocol.TwoPhaseCommitProtocol__ PB=org.infinispan.reconfigurableprotocol.protocol.PassiveReplicationCommitProtocol},0,0,2PC,0,0.0,0.0,0,0,170,0,0,0,1062,0,98421,1046817,0,194,0,0,172000,0,1029,0,0,0,0,0,0,89,0.0,0.0,6742,2PC__ TO__ PB,0,0,0,1.0222222222222221,0.0,0,0,0.0,0,0.0,3289,3289
31,180148,0,169,0,0,0,NaN,1065862.0144615385,NaN,6.67192899408284,NaN,0.542170916887597,9.71890224E7,1,100000,UNIFORM,1,88.68888757396451,62.21443195266272,16,0,0,0,207,0,0,0,58.0,0.0,false,0,0,195,0,0,0,0,0,0,0,0,0,0,0,0,210,0.0,0,0,0,0,17,0,0,0,1,SAFE,0,0,163338,0,0,0,0,0,0,0,0,1065672,169,{2PC=org.infinispan.reconfigurableprotocol.protocol.TwoPhaseCommitProtocol},4394,180,0,0.0,0,0.0,0,0,0.0,0,169,0,0,1065680,0,true,0,0,0,0,1.0,1065672,0,0,0,2,0,0.0,0,0,0,0,true,0.0,99085,0,0,43,0,0,true,0,966.4970414201183,0,0,0,0,77045,0.9388888888888889,0,0,0,0,60,0.0,0.0,0,1000,0,0,0,0,0.0,{TO=org.infinispan.reconfigurableprotocol.protocol.TotalOrderCommitProtocol__ 2PC=org.infinispan.reconfigurableprotocol.protocol.TwoPhaseCommitProtocol__ PB=org.infinispan.reconfigurableprotocol.protocol.PassiveReplicationCommitProtocol},0,0,2PC,0,0.0,0.0,0,0,190,0,0,0,1083,0,98734,1065216,0,171,0,0,169000,0,1048,0,0,0,0,0,0,90,0.0,0.0,4394,2PC__ TO__ PB,0,0,0,1.0,0.0,0,0,0.0,0,0.0,3355,3355
32,180390,0,173,2,0,0,1075822.3615,1030182.5718901735,1075822.3615,6.634085714285714,16979.366,0.5758268171245671,9.804946613333334E7,1,100000,UNIFORM,1,76.91082857142857,55.94462857142857,14,0,0,1075458,190,0,0,0,58.0,0.0,false,0,0,155,0,0,10,1145,101750,2,0,0,0,0,0,97353,193,5.0,0,1927,0,10,17,0,0,0,1,SAFE,0,0,168981,0,0,0,10,0,2863,0,0,1030510,173,{2PC=org.infinispan.reconfigurableprotocol.protocol.TwoPhaseCommitProtocol},3942,196,0,0.0,0,-1.0,0,0,0.0,0,175,1000,0,1029997,0,true,0,0,103,0,1.0476190476190477,1029990,0,0,0,2,0,0.0,10,0,0,0,true,5.0,98484,0,0,43,0,0,true,1075466,965.6011560693642,13151,0,0,0,76974,0.9722222222222222,0,71,0,0,60,0.0,0.0,0,1000,0,10,0,0,58.0,{TO=org.infinispan.reconfigurableprotocol.protocol.TotalOrderCommitProtocol__ 2PC=org.infinispan.reconfigurableprotocol.protocol.TwoPhaseCommitProtocol__ PB=org.infinispan.reconfigurableprotocol.protocol.PassiveReplicationCommitProtocol},0,0,2PC,0,966.0,0.0,0,2382,150,0,1058905,0,1048,0,98169,1029588,0,174,0,13645,175000,0,1013,2,0,0,0,0,2817,90,0.0,5.0,3942,2PC__ TO__ PB,0,0,0,1.0888888888888888,0.011428571428571429,0,0,0.0,0,0.011428571428571429,3411,3411
33,180544,0,171,2,0,0,1369587.156,1039683.3456549707,1369587.156,10.231306358381504,6846.4785,0.5799231375678422,9.89507888E7,1,100000,UNIFORM,1,98.5147225433526,60.14652023121387,13,0,0,1369445,198,0,0,0,58.0,0.0,false,0,0,151,0,0,9,1251,186744,2,0,0,0,0,0,183397,201,5.0,0,1520,0,10,17,0,0,0,1,SAFE,0,0,167137,0,0,0,9,0,2863,0,0,1043301,171,{2PC=org.infinispan.reconfigurableprotocol.protocol.TwoPhaseCommitProtocol},7092,192,0,0.0,0,-1.0,0,0,0.0,0,173,1000,0,1039494,0,true,0,0,130,0,1.0,1039487,0,0,0,2,0,0.0,10,0,0,0,true,5.0,97932,0,0,43,0,0,true,1369452,966.1228070175439,3793,0,0,0,71658,0.9611111111111111,0,71,0,0,60,0.0,0.0,0,1000,0,9,0,0,58.0,{TO=org.infinispan.reconfigurableprotocol.protocol.TotalOrderCommitProtocol__ 2PC=org.infinispan.reconfigurableprotocol.protocol.TwoPhaseCommitProtocol__ PB=org.infinispan.reconfigurableprotocol.protocol.PassiveReplicationCommitProtocol},0,0,2PC,0,965.0,0.0,0,1753,145,0,1362793,0,1060,0,97592,1039082,0,186,0,4180,173000,0,1026,2,0,0,0,0,2398,90,0.0,5.0,7092,2PC__ TO__ PB,0,0,0,1.0666666666666667,0.011560693641618497,0,0,0.0,0,0.011560693641618497,3369,3369
34,180721,0,171,2,0,0,1100103.0705,1043851.0288947369,1100103.0705,13.414156069364163,9765.8085,0.6309667403911215,9.720043306666666E7,1,100000,UNIFORM,1,104.4422774566474,58.71342774566474,13,0,0,1099829,217,0,0,0,58.0,0.0,false,0,0,166,0,0,8,1316,102890,2,0,0,0,0,0,98484,220,5.0,0,2004,0,9,17,0,0,0,1,SAFE,0,0,167354,0,0,0,8,0,2864,0,0,1044312,171,{2PC=org.infinispan.reconfigurableprotocol.protocol.TwoPhaseCommitProtocol},3661,182,0,0.5,0,-1.0,0,0,0.0,0,173,1000,0,1043670,0,true,0,0,179,0,1.0,1043662,0,0,0,2,0,0.0,10,0,0,0,true,4.5,100698,0,0,43,0,0,true,1099838,967.3976608187135,5466,0,0,0,76220,0.9611111111111111,0,71,0,0,60,0.0,0.0,0,1000,0,8,0,0,58.0,{TO=org.infinispan.reconfigurableprotocol.protocol.TotalOrderCommitProtocol__ 2PC=org.infinispan.reconfigurableprotocol.protocol.TwoPhaseCommitProtocol__ PB=org.infinispan.reconfigurableprotocol.protocol.PassiveReplicationCommitProtocol},0,0,2PC,0,964.5,0.0,0,2315,161,0,1090417,0,1060,0,100346,1043223,0,166,0,6097,173000,0,1026,2,0,0,0,0,3226,91,0.0,5.0,3661,2PC__ TO__ PB,0,0,0,1.011111111111111,0.011560693641618497,0,0,0.0,0,0.011560693641618497,3296,3296
35,180877,0,174,0,0,0,NaN,1039435.1363045977,NaN,7.257913793103448,NaN,0.6607613070283671,9.741244746666667E7,1,100000,UNIFORM,1,69.91478735632185,51.757275862068965,14,0,0,0,195,0,0,0,58.0,0.0,false,0,0,170,0,0,0,0,0,0,0,0,0,0,0,0,197,0.0,0,0,0,0,18,0,0,0,1,SAFE,0,0,167850,0,0,0,0,0,0,0,0,1039250,174,{2PC=org.infinispan.reconfigurableprotocol.protocol.TwoPhaseCommitProtocol},6595,192,0,0.0,0,0.0,0,0,0.0,0,174,0,0,1039256,0,true,0,0,0,0,1.1666666666666667,1039250,0,0,0,2,0,0.0,0,0,0,0,true,0.0,97484,0,0,43,0,0,true,0,964.6551724137931,0,0,0,0,74891,0.9666666666666667,0,0,0,0,60,0.0,0.0,0,1000,0,0,0,0,0.0,{TO=org.infinispan.reconfigurableprotocol.protocol.TotalOrderCommitProtocol__ 2PC=org.infinispan.reconfigurableprotocol.protocol.TwoPhaseCommitProtocol__ PB=org.infinispan.reconfigurableprotocol.protocol.PassiveReplicationCommitProtocol},0,0,2PC,0,0.0,0.0,0,0,166,0,0,0,1057,0,97162,1038755,0,163,0,0,174000,0,1023,0,0,0,0,0,0,88,0.0,0.0,6595,2PC__ TO__ PB,0,0,0,1.0666666666666667,0.0,0,0,0.0,0,0.0,3450,3450
36,180437,0,170,1,0,0,921463.735,1055875.566164706,921463.735,7.003280701754385,6816.608,0.6549324828685271,9.77366848E7,1,100000,UNIFORM,1,86.05557894736843,58.5864269005848,13,0,0,921343,192,0,0,0,58.0,0.0,false,0,0,177,0,0,10,680,99285,1,0,0,0,0,0,96430,199,5.0,0,1143,0,5,17,0,0,0,1,SAFE,0,0,165254,0,0,0,10,0,2863,0,0,1054888,170,{2PC=org.infinispan.reconfigurableprotocol.protocol.TwoPhaseCommitProtocol},5258,190,0,0.0,0,-1.0,0,0,0.0,0,171,1000,0,1055686,0,true,0,0,103,0,1.0,1055674,0,0,0,2,0,0.0,5,0,0,0,true,5.0,99491,0,0,43,0,0,true,921350,966.4235294117647,4252,0,0,0,72483,0.95,0,71,0,0,60,0.0,0.0,0,1000,0,10,0,0,58.0,{TO=org.infinispan.reconfigurableprotocol.protocol.TotalOrderCommitProtocol__ 2PC=org.infinispan.reconfigurableprotocol.protocol.TwoPhaseCommitProtocol__ PB=org.infinispan.reconfigurableprotocol.protocol.PassiveReplicationCommitProtocol},0,0,2PC,0,962.0,0.0,0,1627,173,0,914690,0,1072,0,99151,1055258,0,199,0,5114,171000,0,1038,1,0,0,0,0,1455,90,0.0,5.0,5258,2PC__ TO__ PB,0,0,0,1.0555555555555556,0.005847953216374269,0,0,0.0,0,0.005847953216374269,3290,3290
37,180813,0,173,2,0,0,1015753.01,1033324.6087109827,1015753.01,12.829034285714286,7874.4265,0.5959619209235335,9.631344426666667E7,1,100000,UNIFORM,1,79.21657714285715,55.561257142857144,15,0,0,1015596,218,0,0,0,58.0,0.0,false,0,0,191,0,0,9,1075,107181,2,0,0,0,0,0,102599,221,5.0,0,1927,0,10,18,0,0,0,1,SAFE,0,0,169283,0,0,0,9,0,2864,0,0,1032919,173,{2PC=org.infinispan.reconfigurableprotocol.protocol.TwoPhaseCommitProtocol},4484,192,0,0.0,0,-1.0,0,0,0.0,0,175,1000,0,1033127,0,true,0,0,105,0,1.1176470588235294,1033119,0,0,0,2,0,0.0,10,0,0,0,true,5.0,101911,0,0,43,0,0,true,1015605,967.306358381503,4041,0,0,0,82403,0.9722222222222222,0,71,0,0,60,0.0,0.0,0,1000,0,9,0,0,58.0,{TO=org.infinispan.reconfigurableprotocol.protocol.TotalOrderCommitProtocol__ 2PC=org.infinispan.reconfigurableprotocol.protocol.TwoPhaseCommitProtocol__ PB=org.infinispan.reconfigurableprotocol.protocol.PassiveReplicationCommitProtocol},0,0,2PC,0,969.5,0.0,0,2559,186,0,1008071,0,1048,0,101589,1032727,0,179,0,4732,175000,0,1013,2,0,0,0,0,2595,92,0.0,5.0,4484,2PC__ TO__ PB,0,0,0,1.0666666666666667,0.011428571428571429,0,0,0.0,0,0.011428571428571429,3309,3309
38,180872,0,167,6,0,0,1178017.4038333332,1040631.7935449101,1178017.4038333332,7.752040462427745,10805.224166666667,0.4710802284753178,9.763857226666667E7,1,100000,UNIFORM,1,93.1453063583815,55.48605202312139,14,0,0,1177857,210,0,0,0,58.0,0.0,false,0,0,173,0,0,9,1382,137456,6,0,0,0,0,0,134203,213,5.0,0,1547,0,30,18,0,0,0,1,SAFE,0,0,167175,0,0,0,9,0,2863,0,0,1045181,167,{2PC=org.infinispan.reconfigurableprotocol.protocol.TwoPhaseCommitProtocol},8971,186,0,0.0,0,-1.0,0,0,0.0,0,173,1000,0,1040421,0,true,0,0,66,0,1.0,1040414,0,0,0,2,0,0.0,30,0,0,0,true,5.0,99892,0,0,43,0,0,true,1177866,966.2694610778443,6259,0,0,0,73048,0.9611111111111111,0,71,0,0,60,0.0,0.0,0,1000,0,9,0,0,58.0,{TO=org.infinispan.reconfigurableprotocol.protocol.TotalOrderCommitProtocol__ 2PC=org.infinispan.reconfigurableprotocol.protocol.TwoPhaseCommitProtocol__ PB=org.infinispan.reconfigurableprotocol.protocol.PassiveReplicationCommitProtocol},0,0,2PC,0,968.0,0.0,0,1617,168,0,1167279,0,1061,0,99561,1039966,0,203,0,6816,173000,0,1027,6,0,0,0,0,3665,91,0.0,5.0,8971,2PC__ TO__ PB,0,0,0,1.0333333333333334,0.03468208092485549,0,0,0.0,0,0.03468208092485549,3388,3388
39,180292,0,171,1,0,0,1047617.174,1048108.1082280702,1047617.174,7.444622093023256,26226.753,0.6953727860172815,9.70918416E7,1,100000,UNIFORM,1,87.42266279069769,58.3279476744186,14,0,0,1047467,202,0,0,0,58.0,0.0,false,0,0,177,0,0,9,1276,117662,1,0,0,0,0,0,112860,204,5.0,0,2138,0,5,17,0,0,0,1,SAFE,0,0,166257,0,0,0,9,0,2864,0,0,1047922,171,{2PC=org.infinispan.reconfigurableprotocol.protocol.TwoPhaseCommitProtocol},4651,190,0,0.0,0,-1.0,0,0,0.0,0,172,1000,0,1047933,0,true,0,0,177,0,1.0,1047924,0,0,0,2,0,0.0,5,0,0,0,true,5.0,102594,0,0,43,0,0,true,1047475,966.5730994152046,21105,0,0,0,76771,0.9555555555555556,0,71,0,0,60,0.0,0.0,0,1000,0,9,0,0,58.0,{TO=org.infinispan.reconfigurableprotocol.protocol.TotalOrderCommitProtocol__ 2PC=org.infinispan.reconfigurableprotocol.protocol.TwoPhaseCommitProtocol__ PB=org.infinispan.reconfigurableprotocol.protocol.PassiveReplicationCommitProtocol},0,0,2PC,0,973.0,0.0,0,2568,172,0,1021458,0,1065,0,102251,1047511,0,166,0,22531,172000,0,1029,1,0,0,0,0,3383,94,0.0,5.0,4651,2PC__ TO__ PB,0,0,0,1.0555555555555556,0.005813953488372093,0,0,0.0,0,0.005813953488372093,3344,3344
40,180883,0,169,3,0,0,1046815.086,1051624.1060473374,1046815.086,11.676656976744185,8816.462333333335,0.6574078365715535,9.617027573333333E7,1,100000,UNIFORM,1,87.5344534883721,59.43916279069767,15,0,0,1046668,202,0,0,0,58.0,0.0,false,0,0,149,0,0,9,1435,107601,3,0,0,0,0,0,103399,202,5.0,0,1896,0,15,18,0,0,0,1,SAFE,0,0,166281,0,0,0,9,0,2863,0,0,1051335,169,{2PC=org.infinispan.reconfigurableprotocol.protocol.TwoPhaseCommitProtocol},4852,183,0,0.0,0,-1.0,0,0,0.0,0,172,1000,0,1051426,0,true,0,0,98,0,1.0,1051418,0,0,0,2,0,0.0,15,0,0,0,true,5.0,99351,0,0,43,0,0,true,1046677,966.7633136094674,4509,0,0,0,84994,0.9502762430939227,0,71,0,0,60,0.0,0.0,0,1000,0,9,0,0,58.0,{TO=org.infinispan.reconfigurableprotocol.protocol.TotalOrderCommitProtocol__ 2PC=org.infinispan.reconfigurableprotocol.protocol.TwoPhaseCommitProtocol__ PB=org.infinispan.reconfigurableprotocol.protocol.PassiveReplicationCommitProtocol},0,0,2PC,0,966.0,0.0,0,2217,145,0,1038098,0,1067,0,99027,1051009,0,183,0,5348,172000,0,1033,3,0,0,0,0,3133,90,0.0,5.0,4852,2PC__ TO__ PB,0,0,0,1.011049723756906,0.01744186046511628,0,0,0.0,0,0.01744186046511628,3310,3310
41,180296,0,174,0,0,0,NaN,1036077.5826206896,NaN,11.523931034482759,NaN,0.6056800316241308,9.86364752E7,1,100000,UNIFORM,1,94.94472413793103,59.04654022988506,13,0,0,0,202,0,0,0,58.0,0.0,false,0,0,169,0,0,0,0,0,0,0,0,0,0,0,0,205,0.0,0,0,0,0,17,0,0,0,1,SAFE,0,0,168136,0,0,0,0,0,0,0,0,1035828,174,{2PC=org.infinispan.reconfigurableprotocol.protocol.TwoPhaseCommitProtocol},3636,188,0,0.0,0,0.0,0,0,0.0,0,174,0,0,1035836,0,true,0,0,0,0,1.0,1035828,0,0,0,2,0,0.0,0,0,0,0,true,0.0,98489,0,0,43,0,0,true,0,966.2988505747127,0,0,0,0,76317,0.9666666666666667,0,0,0,0,60,0.0,0.0,0,1000,0,0,0,0,0.0,{TO=org.infinispan.reconfigurableprotocol.protocol.TotalOrderCommitProtocol__ 2PC=org.infinispan.reconfigurableprotocol.protocol.TwoPhaseCommitProtocol__ PB=org.infinispan.reconfigurableprotocol.protocol.PassiveReplicationCommitProtocol},0,0,2PC,0,0.0,0.0,0,0,165,0,0,0,1053,0,98143,1035385,0,236,0,0,174000,0,1019,0,0,0,0,0,0,89,0.0,0.0,3636,2PC__ TO__ PB,0,0,0,1.0444444444444445,0.0,0,0,0.0,0,0.0,3438,3438
42,180303,0,174,0,0,0,NaN,1036107.5380689655,NaN,8.152919540229885,NaN,0.5590403926529162,9.577875946666667E7,1,100000,UNIFORM,1,100.87470689655173,60.748356321839076,14,0,0,0,197,0,0,0,58.0,0.0,false,0,0,168,0,0,0,0,0,0,0,0,0,0,0,0,199,0.0,0,0,0,0,18,0,0,0,1,SAFE,0,0,168268,0,0,0,0,0,0,0,0,1035893,174,{2PC=org.infinispan.reconfigurableprotocol.protocol.TwoPhaseCommitProtocol},4362,191,0,0.0,0,0.0,0,0,0.0,0,174,0,0,1035901,0,true,0,0,0,0,1.0,1035893,0,0,0,2,0,0.0,0,0,0,0,true,0.0,100056,0,0,43,0,0,true,0,967.0574712643678,0,0,0,0,77493,0.9666666666666667,0,0,0,0,60,0.0,0.0,0,1000,0,0,0,0,0.0,{TO=org.infinispan.reconfigurableprotocol.protocol.TotalOrderCommitProtocol__ 2PC=org.infinispan.reconfigurableprotocol.protocol.TwoPhaseCommitProtocol__ PB=org.infinispan.reconfigurableprotocol.protocol.PassiveReplicationCommitProtocol},0,0,2PC,0,0.0,0.0,0,0,164,0,0,0,1051,0,99761,1035557,0,202,0,0,174000,0,1017,0,0,0,0,0,0,90,0.0,0.0,4362,2PC__ TO__ PB,0,0,0,1.0611111111111111,0.0,0,0,0.0,0,0.0,3321,3321
43,180326,0,167,3,0,0,1068760.128,1060482.750269461,1068760.128,10.794929411764706,10788.129,0.6447706366612604,9.677520586666666E7,1,100000,UNIFORM,1,93.21183529411765,57.78201764705883,15,0,0,1068494,226,0,0,0,58.0,0.0,false,0,0,167,0,0,10,1431,109846,3,0,0,0,0,0,105489,229,5.0,0,2068,0,15,18,0,0,0,1,SAFE,0,0,164439,0,0,0,10,0,2863,0,0,1060388,167,{2PC=org.infinispan.reconfigurableprotocol.protocol.TwoPhaseCommitProtocol},4654,186,0,0.0,0,-1.0,0,0,0.0,0,170,1000,0,1060258,0,true,0,0,89,0,1.0625,1060243,0,0,0,2,0,0.0,15,0,0,0,true,5.0,101785,0,0,43,0,0,true,1068616,967.2994011976048,5882,0,0,0,80658,0.9444444444444444,0,71,0,0,60,0.0,0.0,0,1000,0,10,0,0,58.0,{TO=org.infinispan.reconfigurableprotocol.protocol.TotalOrderCommitProtocol__ 2PC=org.infinispan.reconfigurableprotocol.protocol.TwoPhaseCommitProtocol__ PB=org.infinispan.reconfigurableprotocol.protocol.PassiveReplicationCommitProtocol},0,0,2PC,0,966.6666666666666,0.0,0,2182,162,0,1058118,0,1076,0,101448,1059769,0,222,0,6586,170000,0,1042,3,0,0,0,0,3685,92,0.0,5.0,4654,2PC__ TO__ PB,0,0,0,1.0333333333333334,0.01764705882352941,0,0,0.0,0,0.01764705882352941,3251,3251
44,180673,0,180,0,0,0,NaN,1003643.5270388889,NaN,7.455616666666667,NaN,0.5975655636288278,9.543755733333333E7,1,100000,UNIFORM,1,86.49221666666666,57.715199999999996,13,0,0,0,199,0,0,0,58.0,0.0,false,0,0,151,0,0,0,0,0,0,0,0,0,0,0,0,202,0.0,0,0,0,0,16,0,0,0,1,SAFE,0,0,174010,0,0,0,0,0,0,0,0,1003438,180,{2PC=org.infinispan.reconfigurableprotocol.protocol.TwoPhaseCommitProtocol},4183,196,0,0.0,0,0.0,0,0,0.0,0,180,0,0,1003452,0,true,0,0,0,0,1.0,1003438,0,0,0,2,0,0.0,0,0,0,0,true,0.0,94321,0,0,43,0,0,true,0,966.7222222222222,0,0,0,0,79555,1.0,0,0,0,0,60,0.0,0.0,0,1000,0,0,0,0,0.0,{TO=org.infinispan.reconfigurableprotocol.protocol.TotalOrderCommitProtocol__ 2PC=org.infinispan.reconfigurableprotocol.protocol.TwoPhaseCommitProtocol__ PB=org.infinispan.reconfigurableprotocol.protocol.PassiveReplicationCommitProtocol},0,0,2PC,0,0.0,0.0,0,0,147,0,0,0,1020,0,93985,1003004,0,188,0,0,180000,0,989,0,0,0,0,0,0,85,0.0,0.0,4183,2PC__ TO__ PB,0,0,0,1.0888888888888888,0.0,0,0,0.0,0,0.0,3317,3317
45,180722,0,170,3,0,0,1053291.1666666665,1044372.7455294118,1053291.1666666665,12.757190751445087,8120.553,0.5942773416975239,9.56131088E7,1,100000,UNIFORM,1,87.04041040462427,55.51397109826589,14,0,0,1053147,188,0,0,0,58.0,0.0,false,0,0,166,0,0,9,1996,106010,3,0,0,0,0,0,102566,191,5.0,0,1604,0,15,17,0,0,0,1,SAFE,0,0,167062,0,0,0,9,0,2863,0,0,1044334,170,{2PC=org.infinispan.reconfigurableprotocol.protocol.TwoPhaseCommitProtocol},4145,188,0,0.0,0,-1.0,0,0,0.0,0,173,1000,0,1044188,0,true,0,0,153,0,1.0666666666666667,1044179,0,0,0,2,0,0.0,15,0,0,0,true,5.0,100708,0,0,43,0,0,true,1053154,965.564705882353,3763,0,0,0,77081,0.9611111111111111,0,71,0,0,60,0.0,0.0,0,1000,0,9,0,0,58.0,{TO=org.infinispan.reconfigurableprotocol.protocol.TotalOrderCommitProtocol__ 2PC=org.infinispan.reconfigurableprotocol.protocol.TwoPhaseCommitProtocol__ PB=org.infinispan.reconfigurableprotocol.protocol.PassiveReplicationCommitProtocol},0,0,2PC,0,972.0,0.0,0,1759,293,0,1045234,0,1062,0,100366,1043761,0,177,0,4222,173000,0,1027,3,0,0,0,0,3606,91,0.0,5.0,4145,2PC__ TO__ PB,0,0,0,1.0444444444444445,0.017341040462427744,0,0,0.0,0,0.017341040462427744,3393,3393
46,180932,0,177,1,0,0,1051367.787,1016165.3612372881,1051367.787,33.70533146067415,8375.636,0.6241827234512838,9.3143568E7,1,100000,UNIFORM,1,82.56761797752809,56.51761235955056,14,0,0,1051249,202,0,0,0,58.0,0.0,false,0,0,173,0,0,9,1241,109317,1,0,0,0,0,0,105416,205,5.0,0,1474,0,5,17,0,0,0,1,SAFE,0,0,172146,0,0,0,9,0,2864,0,0,1016153,177,{2PC=org.infinispan.reconfigurableprotocol.protocol.TwoPhaseCommitProtocol},5994,192,0,0.0,0,-1.0,0,0,0.0,0,178,1000,0,1015962,0,true,0,0,146,0,1.1428571428571428,1015955,0,0,0,2,0,0.0,5,0,0,0,true,5.0,100273,0,0,43,0,0,true,1051255,967.1073446327683,4396,0,0,0,70730,0.9834254143646409,0,71,0,0,60,0.0,0.0,0,1000,0,9,0,0,58.0,{TO=org.infinispan.reconfigurableprotocol.protocol.TotalOrderCommitProtocol__ 2PC=org.infinispan.reconfigurableprotocol.protocol.TwoPhaseCommitProtocol__ PB=org.infinispan.reconfigurableprotocol.protocol.PassiveReplicationCommitProtocol},0,0,2PC,0,968.0,0.0,0,2341,169,0,1043059,0,1031,0,99947,1015575,0,200,0,5868,178000,0,998,1,0,0,0,0,2236,91,0.0,5.0,5994,2PC__ TO__ PB,0,0,0,1.0607734806629834,0.0056179775280898875,0,0,0.0,0,0.0056179775280898875,3243,3243
47,180120,0,176,0,0,0,NaN,1023317.7525625,NaN,7.973488636363636,NaN,0.587622532718837,9.93302592E7,1,100000,UNIFORM,1,73.27107386363637,55.15075,14,0,0,0,204,0,0,0,58.0,0.0,false,0,0,170,0,0,0,0,0,0,0,0,0,0,0,0,207,0.0,0,0,0,0,17,0,0,0,1,SAFE,0,0,170043,0,0,0,0,0,0,0,0,1023130,176,{2PC=org.infinispan.reconfigurableprotocol.protocol.TwoPhaseCommitProtocol},3423,194,0,0.0,0,0.0,0,0,0.0,0,176,0,0,1023141,0,true,0,0,0,0,1.0555555555555556,1023130,0,0,0,2,0,0.0,0,0,0,0,true,0.0,99679,0,0,43,0,0,true,0,966.1534090909091,0,0,0,0,77980,0.9777777777777777,0,0,0,0,60,0.0,0.0,0,1000,0,0,0,0,0.0,{TO=org.infinispan.reconfigurableprotocol.protocol.TotalOrderCommitProtocol__ 2PC=org.infinispan.reconfigurableprotocol.protocol.TwoPhaseCommitProtocol__ PB=org.infinispan.reconfigurableprotocol.protocol.PassiveReplicationCommitProtocol},0,0,2PC,0,0.0,0.0,0,0,164,0,0,0,1040,0,99345,1022691,0,160,0,0,176000,0,1005,0,0,0,0,0,0,91,0.0,0.0,3423,2PC__ TO__ PB,0,0,0,1.0777777777777777,0.0,0,0,0.0,0,0.0,3427,3427
48,180227,0,169,0,0,0,NaN,1066335.136443787,NaN,7.161278106508876,NaN,0.6137144864375542,9.802812266666667E7,1,100000,UNIFORM,1,78.38068047337278,58.04037869822485,14,0,0,0,263,0,0,0,58.0,0.0,false,0,0,212,0,0,0,0,0,0,0,0,0,0,0,0,266,0.0,0,0,0,0,18,0,0,0,1,SAFE,0,0,163123,0,0,0,0,0,0,0,0,1066123,169,{2PC=org.infinispan.reconfigurableprotocol.protocol.TwoPhaseCommitProtocol},11716,178,0,0.0,0,0.0,0,0,0.0,0,169,0,0,1066132,0,true,0,0,0,0,1.0,1066123,0,0,0,2,0,0.0,0,0,0,0,true,0.0,102027,0,0,43,0,0,true,0,965.2248520710059,0,0,0,0,100778,0.9388888888888889,0,0,0,0,60,0.0,0.0,0,1000,0,0,0,0,0.0,{TO=org.infinispan.reconfigurableprotocol.protocol.TotalOrderCommitProtocol__ 2PC=org.infinispan.reconfigurableprotocol.protocol.TwoPhaseCommitProtocol__ PB=org.infinispan.reconfigurableprotocol.protocol.PassiveReplicationCommitProtocol},0,0,2PC,0,0.0,0.0,0,0,206,0,0,0,1084,0,101677,1065669,0,175,0,0,169000,0,1048,0,0,0,0,0,0,92,0.0,0.0,11716,2PC__ TO__ PB,0,0,0,0.9888888888888889,0.0,0,0,0.0,0,0.0,3423,3423
49,180784,0,165,3,0,0,1086476.5773333332,1075809.988387879,1086476.5773333332,7.953880952380953,8387.223333333333,0.7313721219989991,9.640602186666666E7,1,100000,UNIFORM,1,92.08727976190477,58.19542261904762,15,0,0,1086317,229,0,0,0,58.0,0.0,false,0,0,199,0,0,9,1287,130107,3,0,0,0,0,0,126060,232,5.0,0,2060,0,15,19,0,0,0,1,SAFE,0,0,162472,0,0,0,9,0,2863,0,0,1075794,165,{2PC=org.infinispan.reconfigurableprotocol.protocol.TwoPhaseCommitProtocol},6357,182,0,0.0,0,-1.0,0,0,0.0,0,168,1000,0,1075614,0,true,0,0,158,0,1.0,1075603,0,0,0,2,0,0.0,15,0,0,0,true,5.0,109735,0,0,43,0,0,true,1086325,967.1393939393939,4397,0,0,0,86380,0.9333333333333333,0,71,0,0,60,0.0,0.0,0,1000,0,9,0,0,58.0,{TO=org.infinispan.reconfigurableprotocol.protocol.TotalOrderCommitProtocol__ 2PC=org.infinispan.reconfigurableprotocol.protocol.TwoPhaseCommitProtocol__ PB=org.infinispan.reconfigurableprotocol.protocol.PassiveReplicationCommitProtocol},0,0,2PC,0,964.6666666666666,0.0,0,1894,193,0,1078240,0,1091,0,109365,1075125,0,183,0,4932,168000,0,1051,3,0,0,0,0,3051,100,0.0,5.0,6357,2PC__ TO__ PB,0,0,0,1.011111111111111,0.017857142857142856,0,0,0.0,0,0.017857142857142856,3331,3331
50,180695,0,165,1,0,0,1105000.637,1088323.5180060605,1105000.637,8.376295180722892,8753.184,0.6247871323192421,9.4924376E7,1,100000,UNIFORM,1,81.40224096385542,59.05751204819278,15,0,0,1104681,234,0,0,0,58.0,0.0,false,0,0,174,0,0,9,1069,114742,1,0,0,0,0,0,110282,236,5.0,0,2010,0,5,19,0,0,0,1,SAFE,0,0,160394,0,0,0,9,0,2863,0,0,1088218,165,{2PC=org.infinispan.reconfigurableprotocol.protocol.TwoPhaseCommitProtocol},3568,182,0,0.0,0,-1.0,0,0,0.0,0,166,1000,0,1088127,0,true,0,0,102,0,1.0,1088118,0,0,0,2,0,0.0,5,0,0,0,true,5.0,108958,0,0,43,0,0,true,1104691,966.2060606060606,4706,0,0,0,80995,0.9222222222222223,0,71,0,0,60,0.0,0.0,0,1000,0,9,0,0,58.0,{TO=org.infinispan.reconfigurableprotocol.protocol.TotalOrderCommitProtocol__ 2PC=org.infinispan.reconfigurableprotocol.protocol.TwoPhaseCommitProtocol__ PB=org.infinispan.reconfigurableprotocol.protocol.PassiveReplicationCommitProtocol},0,0,2PC,0,970.0,0.0,0,2360,167,0,1096155,0,1105,0,108593,1087678,0,184,0,6033,166000,0,1067,1,0,0,0,0,2404,99,0.0,5.0,3568,2PC__ TO__ PB,0,0,0,1.011111111111111,0.006024096385542169,0,0,0.0,0,0.006024096385542169,3313,3313
51,180417,0,167,7,0,0,1022050.734,1037391.873754491,1022050.734,6.931408045977011,7523.790571428572,0.6280014949576616,9.438108213333334E7,1,100000,UNIFORM,1,87.89527586206897,56.20616666666666,13,0,0,1021874,191,0,0,0,58.0,0.0,false,0,0,171,0,0,10,1161,102597,7,0,0,0,0,0,99613,194,5.0,0,1278,0,35,18,0,0,0,1,SAFE,0,0,168135,0,0,0,10,0,2863,0,0,1036583,167,{2PC=org.infinispan.reconfigurableprotocol.protocol.TwoPhaseCommitProtocol},7334,188,0,0.0,0,-1.0,0,0,0.0,0,174,1000,0,1037208,0,true,0,0,101,0,1.0,1037200,0,0,0,2,0,0.0,35,0,0,0,true,5.0,100566,0,0,43,0,0,true,1021882,966.2395209580839,4009,0,0,0,73228,0.9666666666666667,0,71,0,0,60,0.0,0.0,0,1000,0,10,0,0,58.0,{TO=org.infinispan.reconfigurableprotocol.protocol.TotalOrderCommitProtocol__ 2PC=org.infinispan.reconfigurableprotocol.protocol.TwoPhaseCommitProtocol__ PB=org.infinispan.reconfigurableprotocol.protocol.PassiveReplicationCommitProtocol},0,0,2PC,0,967.5714285714286,0.0,0,1618,165,0,1014619,0,1053,0,100239,1036806,0,177,0,4632,174000,0,1018,7,0,0,0,0,2534,91,0.0,5.0,7334,2PC__ TO__ PB,0,0,0,1.0444444444444445,0.040229885057471264,0,0,0.0,0,0.040229885057471264,3328,3328
52,180565,0,165,4,0,0,1030216.695,1069244.5872787877,1030216.695,9.034260355029586,8580.3385,0.6447521302977918,9.44664112E7,1,100000,UNIFORM,1,97.9995798816568,57.959278106508876,15,0,0,1030063,196,0,0,0,58.0,0.0,false,0,0,162,0,0,8,1990,111808,4,0,0,0,0,0,107739,198,5.0,0,2030,0,19,18,0,0,0,1,SAFE,0,0,163418,0,0,0,8,0,2863,0,0,1068118,165,{2PC=org.infinispan.reconfigurableprotocol.protocol.TwoPhaseCommitProtocol},3472,187,0,0.25,0,-1.0,0,0,0.0,0,169,1000,0,1069051,0,true,0,0,92,0,1.0555555555555556,1069040,0,0,0,2,0,0.0,20,0,0,0,true,4.75,108087,0,0,43,0,0,true,1030072,966.9818181818182,3947,0,0,0,79998,0.9388888888888889,0,71,0,0,60,0.0,0.0,0,1000,0,8,0,0,58.0,{TO=org.infinispan.reconfigurableprotocol.protocol.TotalOrderCommitProtocol__ 2PC=org.infinispan.reconfigurableprotocol.protocol.TwoPhaseCommitProtocol__ PB=org.infinispan.reconfigurableprotocol.protocol.PassiveReplicationCommitProtocol},0,0,2PC,0,966.5,0.0,0,1945,156,0,1021719,0,1084,0,107726,1068603,0,195,0,4506,169000,0,1047,4,0,0,0,0,3742,99,0.0,5.0,3472,2PC__ TO__ PB,0,0,0,1.038888888888889,0.023668639053254437,0,0,0.0,0,0.023668639053254437,3299,3299
53,180878,0,170,1,0,0,1081860.188,1057516.9841,1081860.188,6.586614035087719,8798.031,0.6548578056737197,9.666147253333333E7,1,100000,UNIFORM,1,90.43713450292397,57.053415204678366,15,0,0,1081704,214,0,0,0,58.0,0.0,false,0,0,179,0,0,10,1438,102950,1,0,0,0,0,0,98127,217,5.0,0,2007,0,5,16,0,0,0,1,SAFE,0,0,165297,0,0,0,10,0,2864,0,0,1057462,170,{2PC=org.infinispan.reconfigurableprotocol.protocol.TwoPhaseCommitProtocol},3932,181,0,0.0,0,-1.0,0,0,0.0,0,171,1000,0,1057329,0,true,0,0,193,0,1.1,1057319,0,0,0,2,0,0.0,5,0,0,0,true,5.0,97762,0,0,43,0,0,true,1081712,966.6647058823529,4816,0,0,0,85259,0.95,0,71,0,0,60,0.0,0.0,0,1000,0,10,0,0,58.0,{TO=org.infinispan.reconfigurableprotocol.protocol.TotalOrderCommitProtocol__ 2PC=org.infinispan.reconfigurableprotocol.protocol.TwoPhaseCommitProtocol__ PB=org.infinispan.reconfigurableprotocol.protocol.PassiveReplicationCommitProtocol},0,0,2PC,0,964.0,0.0,0,2732,175,0,1073128,0,1076,0,97436,1056880,0,168,0,5478,171000,0,1041,1,0,0,0,0,3014,89,0.0,5.0,3932,2PC__ TO__ PB,0,0,0,1.0055555555555555,0.005847953216374269,0,0,0.0,0,0.005847953216374269,3343,3343
54,180586,0,174,1,0,0,1065292.807,1031631.659367816,1065292.807,6.1878400000000005,9552.195,0.5880699959320305,9.666125226666667E7,1,100000,UNIFORM,1,88.96986857142856,59.02395428571429,13,0,0,1065133,191,0,0,0,58.0,0.0,false,0,0,153,0,0,10,1173,108972,1,0,0,0,0,0,104178,193,5.0,0,1998,0,5,17,0,0,0,1,SAFE,0,0,169120,0,0,0,10,0,2864,0,0,1031621,174,{2PC=org.infinispan.reconfigurableprotocol.protocol.TwoPhaseCommitProtocol},5407,191,0,0.0,0,-1.0,0,0,0.0,0,175,1000,0,1031437,0,true,0,0,105,0,1.0625,1031428,0,0,0,2,0,0.0,5,0,0,0,true,5.0,96875,0,0,43,0,0,true,1065143,966.3965517241379,4939,0,0,0,69668,0.9722222222222222,0,71,0,0,60,0.0,0.0,0,1000,0,10,0,0,58.0,{TO=org.infinispan.reconfigurableprotocol.protocol.TotalOrderCommitProtocol__ 2PC=org.infinispan.reconfigurableprotocol.protocol.TwoPhaseCommitProtocol__ PB=org.infinispan.reconfigurableprotocol.protocol.PassiveReplicationCommitProtocol},0,0,2PC,0,967.0,0.0,0,2702,148,0,1055851,0,1048,0,96546,1031027,0,184,0,6071,175000,0,1015,1,0,0,0,0,3119,88,0.0,5.0,5407,2PC__ TO__ PB,0,0,0,1.0611111111111111,0.005714285714285714,0,0,0.0,0,0.005714285714285714,3368,3368
55,180665,0,174,0,0,0,NaN,1038165.1919712643,NaN,6.291068965517241,NaN,0.6198296614299699,5.4606309333333336E7,1,100000,UNIFORM,1,118.35867816091955,57.08603448275862,13,0,0,0,183,0,0,0,58.0,0.0,false,0,0,166,0,0,0,0,0,0,0,0,0,0,0,0,186,0.0,0,0,0,0,16,0,0,0,1,SAFE,0,0,168059,0,0,0,0,0,0,0,0,1037961,174,{2PC=org.infinispan.reconfigurableprotocol.protocol.TwoPhaseCommitProtocol},2998,191,0,0.0,0,0.0,0,0,0.0,0,174,0,0,1037972,0,true,0,0,0,0,1.0588235294117647,1037961,0,0,0,2,0,0.0,0,0,0,0,true,0.0,100211,0,0,43,0,0,true,0,965.8563218390805,0,0,0,0,85651,0.9666666666666667,0,0,0,0,60,0.0,0.0,0,1000,0,0,0,0,0.0,{TO=org.infinispan.reconfigurableprotocol.protocol.TotalOrderCommitProtocol__ 2PC=org.infinispan.reconfigurableprotocol.protocol.TwoPhaseCommitProtocol__ PB=org.infinispan.reconfigurableprotocol.protocol.PassiveReplicationCommitProtocol},0,0,2PC,0,0.0,0.0,0,0,161,0,0,0,1056,0,99885,1037571,0,213,0,0,174000,0,1021,0,0,0,0,0,0,92,0.0,0.0,2998,2PC__ TO__ PB,0,0,0,1.0611111111111111,0.0,0,0,0.0,0,0.0,3331,3331
56,180356,0,173,0,0,0,NaN,1042412.1884739884,NaN,12.101508670520232,NaN,0.693722753195094,6.0039388266666666E7,1,100000,UNIFORM,1,91.66962427745665,56.76757225433526,13,0,0,0,182,0,0,0,58.0,0.0,false,0,0,160,0,0,0,0,0,0,0,0,0,0,0,0,185,0.0,0,0,0,0,16,0,0,0,1,SAFE,0,0,167386,0,0,0,0,0,0,0,0,1042219,173,{2PC=org.infinispan.reconfigurableprotocol.protocol.TwoPhaseCommitProtocol},5224,189,0,0.0,0,0.0,0,0,0.0,0,173,0,0,1042232,0,true,0,0,0,0,1.0,1042219,0,0,0,2,0,0.0,0,0,0,0,true,0.0,96509,0,0,43,0,0,true,0,967.5491329479769,0,0,0,0,73339,0.9611111111111111,0,0,0,0,60,0.0,0.0,0,1000,0,0,0,0,0.0,{TO=org.infinispan.reconfigurableprotocol.protocol.TotalOrderCommitProtocol__ 2PC=org.infinispan.reconfigurableprotocol.protocol.TwoPhaseCommitProtocol__ PB=org.infinispan.reconfigurableprotocol.protocol.PassiveReplicationCommitProtocol},0,0,2PC,0,0.0,0.0,0,0,155,0,0,0,1059,0,96182,1041804,0,179,0,0,173000,0,1025,0,0,0,0,0,0,88,0.0,0.0,5224,2PC__ TO__ PB,0,0,0,1.05,0.0,0,0,0.0,0,0.0,3312,3312
57,180496,0,172,3,0,0,1025776.2403333334,1031402.7960174419,1025776.2403333334,6.637,7452.068666666667,0.5262818827601494,9.81274864E7,1,100000,UNIFORM,1,112.26647428571428,61.58812,13,0,0,1025446,199,0,0,0,58.0,0.0,false,0,0,174,0,0,9,1135,101180,3,0,0,0,0,0,97163,202,5.0,0,1806,0,12,16,0,0,0,1,SAFE,0,0,169167,0,0,6840,8,0,2863,0,0,1031079,172,{2PC=org.infinispan.reconfigurableprotocol.protocol.TwoPhaseCommitProtocol},3673,188,0,1.0,0,-1.0,0,0,0.0,1,175,1000,0,1031185,0,true,0,0,128,0,1.0,1031177,0,0,0,2,0,0.0,15,0,0,0,true,4.0,99162,0,0,43,0,0,true,1025455,966.6802325581396,3902,0,0,0,81889,0.9722222222222222,0,71,6840,0,60,0.0,0.0,0,1000,0,9,0,0,58.0,{TO=org.infinispan.reconfigurableprotocol.protocol.TotalOrderCommitProtocol__ 2PC=org.infinispan.reconfigurableprotocol.protocol.TwoPhaseCommitProtocol__ PB=org.infinispan.reconfigurableprotocol.protocol.PassiveReplicationCommitProtocol},0,0,2PC,0,966.0,0.0,0,2112,168,0,1018395,0,1048,0,98861,1030822,1,208,0,4441,175000,0,1014,3,0,0,0,0,2511,90,0.0,5.0,4537,2PC__ TO__ PB,0,0,0,1.0444444444444445,0.017142857142857144,0,0,0.0,0,0.017142857142857144,3343,3343
58,180631,0,170,2,0,0,1089567.667,1049618.1321352941,1089567.667,7.443377906976744,10133.869,0.53489682032436,7.3642144E7,1,100000,UNIFORM,1,76.37926162790697,56.724656976744185,14,0,0,1089400,199,0,0,0,58.0,0.0,false,0,0,178,0,0,9,1162,103260,2,0,0,0,0,0,98688,202,5.0,0,2053,0,10,16,0,0,0,1,SAFE,0,0,166381,0,0,0,9,0,2863,0,0,1049917,170,{2PC=org.infinispan.reconfigurableprotocol.protocol.TwoPhaseCommitProtocol},3802,186,0,0.0,0,-1.0,0,0,0.0,0,172,1000,0,1049460,0,true,0,0,137,0,1.0714285714285714,1049452,0,0,0,2,0,0.0,10,0,0,0,true,5.0,99744,0,0,43,0,0,true,1089409,967.2588235294118,5104,0,0,0,69698,0.9555555555555556,0,71,0,0,60,0.0,0.0,0,1000,0,9,0,0,58.0,{TO=org.infinispan.reconfigurableprotocol.protocol.TotalOrderCommitProtocol__ 2PC=org.infinispan.reconfigurableprotocol.protocol.TwoPhaseCommitProtocol__ PB=org.infinispan.reconfigurableprotocol.protocol.PassiveReplicationCommitProtocol},0,0,2PC,0,973.5,0.0,0,2427,172,0,1079489,0,1067,0,99418,1049052,0,148,0,6206,172000,0,1032,2,0,0,0,0,3608,91,0.0,5.0,3802,2PC__ TO__ PB,0,0,0,1.0333333333333334,0.011627906976744186,0,0,0.0,0,0.011627906976744186,3307,3307
59,180605,0,172,0,0,0,NaN,1049919.3613313953,NaN,7.434517441860465,NaN,0.5356892508989344,7.164233813333334E7,1,100000,UNIFORM,1,93.16761046511627,58.49800581395349,15,0,0,0,187,0,0,0,58.0,0.0,false,0,0,166,0,0,0,0,0,0,0,0,0,0,0,0,189,0.0,0,0,0,0,17,0,0,0,1,SAFE,0,0,166154,0,0,0,0,0,0,0,0,1049699,172,{2PC=org.infinispan.reconfigurableprotocol.protocol.TwoPhaseCommitProtocol},4045,192,0,0.0,0,0.0,0,0,0.0,0,172,0,0,1049709,0,true,0,0,0,0,1.05,1049699,0,0,0,2,0,0.0,0,0,0,0,true,0.0,96498,0,0,43,0,0,true,0,966.0116279069767,0,0,0,0,88394,0.9555555555555556,0,0,0,0,60,0.0,0.0,0,1000,0,0,0,0,0.0,{TO=org.infinispan.reconfigurableprotocol.protocol.TotalOrderCommitProtocol__ 2PC=org.infinispan.reconfigurableprotocol.protocol.TwoPhaseCommitProtocol__ PB=org.infinispan.reconfigurableprotocol.protocol.PassiveReplicationCommitProtocol},0,0,2PC,0,0.0,0.0,0,0,161,0,0,0,1067,0,96165,1049286,0,195,0,0,172000,0,1034,0,0,0,0,0,0,87,0.0,0.0,4045,2PC__ TO__ PB,0,0,0,1.0666666666666667,0.0,0,0,0.0,0,0.0,3351,3351
